Company,TypeName,Cpu,Ram,Memory,Gpu,OpSys,Weight,Price,ppi
Apple,Ultrabook,Intel Core i5,8,128,Intel,mac OS,1.37,71378.6832,4.21
Apple,Ultrabook,Intel Core i5,8,128,Intel,mac OS,1.34,47895.5232,2.98
HP,Notebook,Intel Core i5,8,256,Intel,Other OS,1.86,30636.0,1.98
Apple,Ultrabook,Intel Core i7,16,512,AMD,mac OS,1.83,135195.336,3.64
Apple,Ultrabook,Intel Core i5,8,256,Intel,mac OS,1.37,96095.808,4.21
Acer,Notebook,AMD Processor,4,256,AMD,Windows,2.1,21312.0,2.58
Apple,Ultrabook,Intel Core i7,16,256,Intel,mac OS,2.04,114017.6016,3.64
Apple,Ultrabook,Intel Core i5,8,256,Intel,mac OS,1.34,61735.536,2.98
Asus,Ultrabook,Intel Core i7,16,512,Nvidia,Windows,1.3,79653.6,2.2
Acer,Ultrabook,Intel Core i5,8,256,Intel,Windows,1.6,41025.6,2.2
HP,Notebook,Intel Core i5,4,256,Intel,Other OS,1.86,20986.992,2.58
HP,Notebook,Intel Core i3,4,256,Intel,Other OS,1.86,18381.0672,1.98
Apple,Ultrabook,Intel Core i7,16,256,AMD,mac OS,1.83,130001.6016,3.64
Dell,Notebook,Intel Core i3,4,256,AMD,Windows,2.2,26581.392,1.98
Apple,Ultrabook,Other Intel Processor,8,256,Intel,mac OS,0.92,67260.672,4.74
Apple,Ultrabook,Intel Core i5,8,256,Intel,mac OS,1.37,80908.344,4.21
Dell,Notebook,Intel Core i7,8,256,AMD,Windows,2.2,39693.6,1.98
Apple,Ultrabook,Intel Core i7,16,512,AMD,mac OS,1.83,152274.24,3.64
Lenovo,Notebook,Intel Core i3,8,512,Nvidia,Other OS,2.2,26586.72,1.98
Dell,Ultrabook,Intel Core i5,8,128,Intel,Windows,1.22,52161.12,2.32
Asus,Netbook,Other Intel Processor,2,32,Intel,Windows,0.98,10224.432,3.47
Lenovo,Gaming,Intel Core i5,8,128,Nvidia,Windows,2.5,53226.72,1.98
HP,Notebook,AMD Processor,4,256,AMD,Other OS,1.86,13746.24,2.58
Dell,Convertible,Intel Core i5,8,256,Intel,Windows,1.62,43636.32,2.32
HP,Ultrabook,Intel Core i7,8,256,Intel,Windows,1.91,35111.52,1.98
Dell,Notebook,Intel Core i3,4,512,Intel,Windows,2.3,22305.1392,2.58
Apple,Ultrabook,Intel Core i5,8,128,Intel,mac OS,1.35,58554.72,2.98
Dell,Notebook,Intel Core i5,8,256,AMD,Windows,2.2,42624.0,1.98
Dell,Ultrabook,Intel Core i7,8,256,Intel,Windows,1.88,69157.44,1.98
HP,Notebook,Intel Core i5,8,512,Nvidia,Windows,2.5,47738.88,1.78
Asus,Notebook,AMD Processor,2,32,AMD,Windows,1.65,10602.72,2.88
HP,Notebook,AMD Processor,4,256,AMD,Windows,2.71,23389.92,1.78
Dell,Ultrabook,Intel Core i7,16,512,Intel,Windows,1.2,99580.32,4.09
Apple,Ultrabook,Intel Core i5,8,256,Intel,mac OS,1.35,53173.44,2.98
Lenovo,Notebook,Other Intel Processor,4,64,Intel,Windows,1.44,13266.72,2.88
Acer,Notebook,Intel Core i3,4,512,Intel,Other OS,2.1,19553.76,2.58
Dell,Notebook,Intel Core i5,8,128,AMD,Windows,2.8,52161.12,1.78
HP,Notebook,Intel Core i5,4,512,Intel,Windows,1.86,26037.4032,2.58
HP,Notebook,Intel Core i5,8,256,Nvidia,Windows,2.1,46833.12,1.98
Asus,Notebook,Intel Core i3,4,512,Intel,Other OS,2.0,20725.92,1.98
Dell,Gaming,Intel Core i7,16,256,Nvidia,Windows,2.65,79866.72,1.98
Asus,Notebook,Intel Core i5,8,512,Nvidia,Other OS,2.3,27864.9072,2.58
Acer,Notebook,Intel Core i5,4,256,Intel,Windows,2.2,36336.96,1.98
Dell,Convertible,Intel Core i5,12,512,Nvidia,Windows,2.77,53226.72,1.78
Apple,Ultrabook,Intel Core i5,8,256,Intel,mac OS,1.37,75604.32,4.21
Lenovo,Notebook,Intel Core i3,4,128,Intel,Other OS,2.2,19660.32,2.58
Asus,Gaming,AMD Processor,8,256,AMD,Windows,3.2,69210.72,1.78
Dell,Notebook,Intel Core i5,4,256,AMD,Windows,2.3,34045.92,1.98
Asus,Notebook,Other Intel Processor,4,512,Nvidia,Windows,2.8,24828.48,2.33
Lenovo,Convertible,Other Intel Processor,4,64,Intel,Other OS,0.69,16996.32,2.83
Acer,Notebook,Intel Core i7,8,256,Nvidia,Windows,2.2,44808.48,1.98
HP,Notebook,AMD Processor,4,256,AMD,Windows,1.86,21231.5472,1.98
HP,Notebook,Intel Core i7,8,512,Intel,Windows,1.49,58767.84,2.32
Acer,Notebook,Intel Core i3,4,512,Intel,Windows,2.4,20459.52,2.58
Dell,Notebook,Intel Core i7,8,256,AMD,Windows,2.13,40908.384,1.98
HP,Notebook,Intel Core i3,4,128,Intel,Windows,1.91,23389.92,1.98
Asus,Notebook,Intel Core i5,4,256,Intel,Windows,2.0,31232.2032,2.58
MSI,Gaming,Intel Core i7,16,256,Nvidia,Windows,2.43,130482.72,1.78
Asus,Notebook,Intel Core i3,4,256,Intel,Other OS,2.0,22111.2,1.98
Dell,Notebook,Intel Core i7,16,256,AMD,Windows,2.8,69210.72,1.78
Dell,Ultrabook,Intel Core i5,8,256,Intel,Windows,1.7,46833.12,2.2
Lenovo,Notebook,Intel Core i3,8,256,Intel,Other OS,1.7,31914.72,2.2
Asus,Notebook,Intel Core i5,8,256,Intel,Windows,1.4,50136.48,2.2
HP,Notebook,Intel Core i5,8,256,Intel,Windows,1.86,36763.2,1.98
Asus,Ultrabook,Intel Core i7,16,512,Nvidia,Windows,1.8,105654.24,1.98
HP,Notebook,Intel Core i3,4,256,AMD,Windows,1.86,23373.4032,2.58
HP,Notebook,Other Intel Processor,4,32,Intel,Windows,1.44,12201.12,2.88
Lenovo,Notebook,Intel Core i5,4,512,Intel,Windows,1.9,29250.72,1.98
Asus,Gaming,Intel Core i7,12,512,Nvidia,Other OS,3.0,50562.72,1.78
Dell,Ultrabook,Intel Core i7,8,256,AMD,Windows,1.4,50882.4,2.32
Dell,Notebook,Intel Core i7,8,256,AMD,Windows,2.2,46353.6,1.98
MSI,Gaming,Intel Core i5,8,128,Nvidia,Windows,2.7,58341.6,1.78
Acer,Notebook,Intel Core i3,8,512,Intel,Windows,2.1,20725.92,2.88
Asus,Gaming,Intel Core i7,8,512,Nvidia,Windows,2.2,50562.72,1.98
Lenovo,Notebook,Intel Core i5,8,1000,Intel,Other OS,2.2,27652.32,1.98
Dell,Notebook,Intel Core i7,8,128,Intel,Windows,2.02,45554.4,1.98
Acer,Notebook,Intel Core i3,4,512,Nvidia,Windows,2.2,28238.4,1.98
HP,Notebook,Intel Core i5,8,128,Nvidia,Windows,2.5,52054.56,1.78
Dell,Ultrabook,Intel Core i5,8,256,Intel,Windows,1.88,58403.4048,1.98
Apple,Ultrabook,Intel Core i5,8,512,Intel,mac OS,0.92,80452.8,4.74
HP,Notebook,Intel Core i5,8,256,Intel,Windows,1.63,45820.8,2.2
Lenovo,Notebook,AMD Processor,4,128,AMD,Windows,2.2,21258.72,1.98
Acer,Notebook,AMD Processor,4,512,AMD,Windows,2.1,21045.6,2.58
Dell,Gaming,Intel Core i7,16,128,Nvidia,Windows,2.65,71874.72,1.98
HP,Ultrabook,Intel Core i7,8,256,Nvidia,Windows,1.83,37242.72,1.98
HP,Notebook,Intel Core i5,8,256,Intel,Windows,1.96,31914.1872,1.98
Asus,Gaming,Intel Core i7,16,128,Nvidia,Windows,2.2,77202.72,1.98
Dell,Ultrabook,Intel Core i7,8,256,Intel,Windows,1.21,87858.72,2.32
Asus,Gaming,AMD Processor,8,512,AMD,Windows,2.45,37242.72,1.98
Acer,Notebook,Intel Core i7,8,512,Nvidia,Windows,2.2,36709.92,1.98
HP,Notebook,Intel Core i7,16,512,Intel,Windows,1.49,63776.16,2.32
Dell,Gaming,Intel Core i5,8,256,Nvidia,Windows,2.65,63669.6,1.98
Asus,Ultrabook,Intel Core i7,8,256,Intel,Windows,1.25,55890.72,2.2
Acer,Convertible,Intel Core i5,8,256,Intel,Windows,1.5,45128.16,2.32
Dell,Notebook,Intel Core i7,8,512,AMD,Other OS,2.2,31962.672,1.98
Dell,Notebook,Intel Core i3,4,256,AMD,Other OS,2.2,25840.8,1.98
Asus,Notebook,Intel Core i3,6,256,Nvidia,Windows,2.0,30742.56,1.98
HP,Gaming,Intel Core i7,12,128,Nvidia,Windows,2.62,66546.72,1.98
HP,Notebook,Intel Core i7,8,256,AMD,Windows,1.91,38308.32,1.98
HP,Notebook,AMD Processor,4,256,AMD,Windows,2.1,18594.72,1.98
Dell,Notebook,Intel Core i5,8,512,AMD,Other OS,2.2,34472.16,1.98
HP,Ultrabook,Intel Core i7,8,256,Nvidia,Windows,1.38,59620.32,2.32
HP,Notebook,Intel Core i5,6,256,Nvidia,Windows,1.58,35111.52,2.2
Lenovo,Notebook,Intel Core i3,4,512,Intel,Windows,1.85,22105.872,1.98
Asus,Ultrabook,Intel Core i7,8,256,Nvidia,Windows,1.3,63563.04,2.2
MSI,Gaming,Intel Core i7,16,256,Nvidia,Windows,2.2,69210.72,1.98
Lenovo,Notebook,Intel Core i7,8,256,Intel,Windows,1.58,78854.4,2.2
Asus,Ultrabook,Intel Core i7,16,256,Nvidia,Windows,1.5,67239.36,1.98
Dell,Ultrabook,Intel Core i7,8,256,Intel,Windows,1.23,73473.12,4.09
Lenovo,Convertible,Intel Core i5,8,256,Intel,Windows,1.37,74538.72,2.32
HP,Notebook,Intel Core i5,4,256,Intel,Windows,1.63,38468.16,2.88
Dell,Ultrabook,Intel Core i5,8,256,Intel,Windows,1.21,86793.12,2.32
HP,Convertible,Intel Core i5,8,256,Intel,Windows,1.26,74538.1872,2.32
HP,Notebook,Intel Core i7,8,512,Intel,Windows,1.63,57755.52,2.2
Dell,Notebook,Intel Core i7,8,256,Nvidia,Windows,2.16,60223.9824,1.98
Asus,Notebook,Intel Core i3,4,512,Nvidia,Windows,2.0,30049.92,1.78
Asus,Notebook,Intel Core i7,8,256,Nvidia,Windows,1.7,59567.04,1.98
Acer,Notebook,Intel Core i3,6,512,Intel,Windows,2.1,25521.12,1.98
MSI,Gaming,Intel Core i7,16,256,Nvidia,Windows,1.8,119427.12,1.98
Lenovo,Notebook,Intel Core i5,8,256,Nvidia,Other OS,2.2,33513.12,1.98
HP,Notebook,Intel Core i7,16,512,Nvidia,Windows,2.5,67718.88,1.78
Acer,Notebook,AMD Processor,4,256,AMD,Windows,2.1,24029.28,2.58
HP,Notebook,Other Intel Processor,4,256,Intel,Other OS,1.86,13799.52,2.58
HP,Notebook,Intel Core i5,8,512,Intel,Windows,1.63,43263.36,2.2
Asus,Notebook,AMD Processor,4,64,AMD,Windows,1.65,14811.3072,2.88
Dell,Notebook,Intel Core i7,16,256,AMD,Windows,2.8,74378.88,1.78
HP,Notebook,Intel Core i5,8,256,Intel,Windows,2.5,49443.84,1.78
Dell,Notebook,Intel Core i5,8,512,AMD,Windows,2.36,34045.3872,2.58
Dell,Notebook,Intel Core i3,4,512,AMD,Windows,2.2,23922.72,1.98
Acer,Ultrabook,Intel Core i7,8,256,Intel,Windows,1.6,47099.52,2.2
Acer,Notebook,Intel Core i3,4,256,Nvidia,Windows,2.2,30476.16,1.98
HP,Notebook,Intel Core i7,8,512,Intel,Windows,2.05,31861.44,2.58
HP,Notebook,Intel Core i7,8,256,Intel,Windows,1.63,52640.64,2.2
Lenovo,Notebook,Other Intel Processor,4,512,Intel,Other OS,1.9,13445.7408,2.58
Asus,Gaming,Intel Core i5,8,128,Nvidia,Windows,3.0,49976.64,1.78
Lenovo,Notebook,Intel Core i5,4,512,Nvidia,Other OS,2.2,26586.72,1.98
HP,Notebook,Intel Core i5,4,256,Intel,Windows,1.32,37242.72,2.32
Acer,Notebook,Intel Core i3,4,512,Nvidia,Windows,3.0,34898.4,1.78
Lenovo,Notebook,Intel Core i5,8,256,AMD,Windows,1.75,59461.5456,2.2
Lenovo,Gaming,Intel Core i7,8,256,Nvidia,Other OS,2.4,46300.32,1.98
Toshiba,Notebook,Intel Core i5,4,256,Intel,Windows,2.1,32074.56,2.58
HP,Notebook,AMD Processor,4,256,AMD,Windows,1.86,19660.32,2.58
Asus,Ultrabook,Intel Core i7,8,256,Intel,Windows,1.25,58554.72,2.2
HP,Ultrabook,Other Intel Processor,8,512,Intel,Windows,0.97,107305.92,3.49
Asus,Notebook,Other Intel Processor,4,512,Intel,Windows,2.0,18328.32,1.98
MSI,Gaming,Intel Core i7,16,256,Nvidia,Windows,2.9,108105.12,1.78
Acer,Notebook,Intel Core i3,4,512,Intel,Windows,2.1,23816.16,2.58
Dell,Gaming,Intel Core i7,16,512,Nvidia,Windows,2.56,66560.5728,1.98
Dell,Gaming,Intel Core i7,8,1000,Nvidia,Windows,2.62,47898.72,1.98
Lenovo,Notebook,Intel Core i5,4,128,Intel,Windows,1.9,26533.44,2.58
MSI,Gaming,Intel Core i7,16,256,Nvidia,Windows,2.8,100699.2,1.78
HP,Ultrabook,Intel Core i5,4,256,Intel,Windows,1.48,57648.96,2.2
HP,Notebook,Intel Core i5,6,256,AMD,Windows,1.91,32980.32,1.98
Lenovo,Convertible,Intel Core i3,4,256,Intel,Windows,1.74,33513.12,2.2
Asus,Convertible,Intel Core i5,8,256,Intel,Windows,1.1,70063.2,2.32
Dell,Convertible,Intel Core i7,8,256,Intel,Windows,1.56,55890.72,1.98
Toshiba,Notebook,Intel Core i3,4,256,Intel,Windows,2.1,23816.16,2.58
Asus,Notebook,AMD Processor,4,512,AMD,Windows,2.03,21471.84,2.58
Acer,Notebook,Intel Core i5,4,256,Nvidia,Windows,3.0,42890.4,1.78
Dell,Notebook,Intel Core i5,8,256,AMD,Windows,2.13,38787.84,1.98
Lenovo,Gaming,Intel Core i7,16,256,Nvidia,Windows,2.5,57489.12,1.98
Acer,Notebook,Other Intel Processor,4,512,Intel,Windows,2.1,18541.44,2.58
MSI,Gaming,Intel Core i7,16,256,Nvidia,Windows,2.4,95850.72,1.98
Acer,Notebook,Other Intel Processor,4,512,Intel,Windows,2.1,19367.8128,2.58
Dell,Gaming,Intel Core i7,8,128,Nvidia,Windows,2.56,56502.9072,1.98
Acer,Notebook,Intel Core i5,8,256,Nvidia,Windows,3.0,45501.12,1.78
HP,Notebook,Intel Core i5,4,256,Intel,Windows,1.49,40173.12,2.32
HP,Notebook,Intel Core i5,6,1000,AMD,Windows,2.71,37242.72,1.78
Lenovo,Notebook,AMD Processor,4,256,AMD,Other OS,2.2,16463.52,2.58
Toshiba,Notebook,Intel Core i3,4,256,Intel,Windows,2.0,26053.92,2.58
HP,Notebook,Intel Core i5,8,256,Nvidia,Windows,2.5,49177.44,1.78
Dell,Notebook,Intel Core i3,8,512,Intel,Windows,2.3,24455.52,2.58
Acer,Notebook,Intel Core i3,4,128,Intel,Windows,2.1,23922.72,2.58
MSI,Gaming,Intel Core i7,32,512,Nvidia,Windows,4.4,149130.72,1.68
Lenovo,Notebook,Intel Core i5,8,128,AMD,Windows,1.9,43316.64,1.98
HP,Convertible,Intel Core i5,8,256,Intel,Windows,1.29,79866.72,3.28
Dell,Notebook,Intel Core i7,16,256,AMD,Other OS,2.02,55890.72,1.98
Dell,Ultrabook,Intel Core i5,8,256,Intel,Windows,1.23,74538.72,2.32
Lenovo,Convertible,Intel Core i7,16,512,Intel,Windows,1.4,98514.72,3.14
Toshiba,Notebook,Intel Core i5,8,128,Intel,Windows,2.0,42251.04,2.58
Dell,Notebook,Intel Core i7,16,512,Nvidia,Windows,2.77,82530.72,1.78
Dell,Notebook,Intel Core i7,16,512,Nvidia,Windows,2.06,127712.16,2.8
Lenovo,Gaming,Intel Core i5,8,256,Nvidia,Other OS,2.4,41505.12,1.98
Acer,Ultrabook,Intel Core i5,8,256,Intel,Windows,1.12,52693.92,2.32
Dell,Notebook,Intel Core i7,8,128,AMD,Windows,2.8,57808.8,1.78
Lenovo,Convertible,Intel Core i7,16,1000,Intel,Windows,1.42,150462.72,4.52
Lenovo,Notebook,Intel Core i5,8,256,Nvidia,Other OS,2.8,37189.44,2.22
Dell,Convertible,Intel Core i7,8,512,Intel,Windows,1.62,44701.92,2.32
HP,Notebook,Intel Core i5,8,512,Nvidia,Windows,2.5,48697.92,1.78
HP,Notebook,Intel Core i5,8,512,Intel,Windows,1.49,51095.52,2.32
HP,Gaming,Intel Core i7,16,256,Nvidia,Windows,3.35,73473.12,1.78
HP,Notebook,Intel Core i7,8,256,Nvidia,Windows,2.5,55677.6,1.78
Dell,Gaming,Intel Core i7,16,512,Nvidia,Windows,2.65,98301.6,2.8
Lenovo,Notebook,Intel Core i5,4,128,Intel,Windows,2.1,26267.04,2.58
Acer,Notebook,Intel Core i7,8,512,Nvidia,Windows,2.23,39533.76,1.98
Lenovo,Gaming,Intel Core i7,16,512,Nvidia,Windows,3.2,93186.72,1.98
Dell,Workstation,Other Intel Processor,16,256,Nvidia,Windows,2.8,162770.4,2.8
Lenovo,Gaming,Intel Core i7,16,512,Nvidia,Other OS,2.4,74485.44,1.98
Dell,Notebook,Intel Core i3,6,512,Intel,Windows,2.3,23389.92,2.58
Dell,Ultrabook,Intel Core i7,8,256,Intel,Windows,1.21,103842.72,3.28
Dell,Ultrabook,Intel Core i7,8,256,Intel,Windows,1.2,77202.72,2.32
Lenovo,Notebook,Intel Core i5,8,256,Intel,Windows,2.2,31808.16,2.58
Acer,Notebook,Intel Core i7,8,512,Nvidia,Other OS,2.4,41505.12,1.98
Asus,Gaming,Intel Core i7,16,256,Nvidia,Windows,2.9,74964.96,1.78
HP,Notebook,Intel Core i3,4,256,Intel,Other OS,2.1,18594.72,1.98
Lenovo,Notebook,Intel Core i5,8,256,Intel,Other OS,2.2,29250.72,1.98
Dell,Ultrabook,Intel Core i7,8,256,AMD,Windows,1.4,49650.5664,2.32
Lenovo,Notebook,Intel Core i5,8,512,Nvidia,Other OS,2.8,31381.92,2.22
HP,Notebook,Intel Core i7,8,256,Nvidia,Windows,1.63,54931.68,2.2
Dell,Ultrabook,Intel Core i5,8,256,Intel,Windows,1.6,61218.72,2.2
Dell,Convertible,Intel Core i7,16,512,Intel,Windows,1.62,68145.12,2.32
Dell,Notebook,Intel Core i5,8,256,AMD,Other OS,2.2,36089.208,1.98
Lenovo,Convertible,Intel Core i5,8,256,Intel,Windows,1.74,47898.72,2.2
Toshiba,Ultrabook,Intel Core i7,8,256,Intel,Windows,1.2,72620.64,2.32
HP,Notebook,Intel Core i5,8,512,Intel,Windows,2.1,42304.32,1.98
Dell,Gaming,Intel Core i7,16,256,Nvidia,Windows,4.42,130873.7952,1.78
Acer,Notebook,Intel Core i7,8,256,Nvidia,Windows,2.2,44328.96,1.98
Dell,Notebook,Intel Core i7,16,512,AMD,Windows,2.3,45768.0528,1.98
Asus,Notebook,Intel Core i5,8,256,Nvidia,Windows,2.0,40972.32,1.98
Asus,Notebook,Intel Core i5,8,256,Nvidia,Windows,2.69,47472.48,1.78
HP,Notebook,Intel Core i7,8,512,AMD,Windows,1.9,67612.32,1.98
Asus,Notebook,Intel Core i3,4,512,Intel,Windows,2.37,21258.1872,2.58
HP,Notebook,AMD Processor,4,256,AMD,Windows,2.1,17582.4,2.58
Lenovo,Gaming,Intel Core i7,16,256,Nvidia,Windows,3.2,79866.72,1.98
Dell,Notebook,Intel Core i5,8,256,Intel,Windows,1.6,45767.52,2.2
Acer,Convertible,Intel Core i5,8,256,Intel,Windows,1.6,36709.92,2.32
Dell,Notebook,Intel Core i7,16,256,AMD,Other OS,2.36,47898.72,1.98
Acer,Notebook,Intel Core i3,4,512,Intel,Other OS,2.1,20779.2,2.58
Asus,Notebook,AMD Processor,4,128,AMD,Windows,2.2,30636.0,1.98
Asus,Gaming,Intel Core i7,32,512,Nvidia,Windows,4.7,207259.2,1.78
Acer,Gaming,Intel Core i5,8,256,Nvidia,Windows,2.5,45074.88,1.98
Lenovo,Notebook,Intel Core i3,8,128,Intel,Windows,2.2,31381.92,2.58
Asus,Notebook,Intel Core i7,8,128,Nvidia,Windows,2.1,61005.6,1.78
Asus,Notebook,Intel Core i7,8,128,Nvidia,Other OS,2.69,47365.92,1.78
Dell,Gaming,Intel Core i5,8,256,Nvidia,Windows,2.56,46833.12,1.98
Lenovo,Convertible,Intel Core i7,8,256,Intel,Windows,1.38,57489.12,2.22
Dell,Notebook,Intel Core i7,8,128,AMD,Windows,2.2,52480.8,1.98
HP,Notebook,Intel Core i5,8,512,Intel,Windows,2.04,29783.52,2.58
Asus,Gaming,Intel Core i7,16,256,Nvidia,Windows,3.6,159786.72,1.78
HP,Notebook,Intel Core i5,4,256,Intel,Windows,1.49,35964.0,2.32
Apple,Ultrabook,Intel Core i5,8,512,Intel,mac OS,1.37,108691.2,4.21
Dell,Convertible,Intel Core i7,8,512,Intel,Windows,2.08,43636.32,1.98
Asus,Gaming,Intel Core i7,16,256,Nvidia,Windows,4.3,95850.72,1.78
Asus,Notebook,AMD Processor,4,512,AMD,Windows,1.68,24988.32,2.58
Lenovo,Convertible,Intel Core i7,8,512,Intel,Windows,1.37,98514.72,2.22
Acer,Notebook,Intel Core i3,4,256,Nvidia,Windows,3.0,37402.56,1.78
Dell,Ultrabook,Intel Core i5,8,256,Intel,Windows,1.41,50562.72,2.32
HP,Notebook,AMD Processor,8,128,AMD,Windows,1.91,23757.552,2.58
HP,Notebook,Intel Core i7,16,512,Nvidia,Windows,2.9,56423.52,1.78
MSI,Gaming,Intel Core i7,16,512,Nvidia,Windows,4.14,133146.72,1.78
Lenovo,Convertible,Intel Core i7,8,512,Nvidia,Windows,2.0,90522.72,1.98
Dell,Notebook,Intel Core i7,8,128,AMD,Windows,2.8,60845.76,1.78
Lenovo,Notebook,Intel Core i3,4,256,Intel,Other OS,2.2,23656.32,1.98
HP,Notebook,Intel Core i5,4,256,Intel,Windows,2.1,38468.16,1.98
Dell,Notebook,Intel Core i5,4,512,Intel,Windows,2.18,35004.96,1.98
Dell,Notebook,Intel Core i5,8,512,AMD,Windows,2.24,30103.2,1.98
Dell,Convertible,Intel Core i5,8,256,Intel,Windows,2.67,42570.72,1.98
Asus,Convertible,Intel Core i7,8,512,Intel,Windows,1.1,79866.72,2.32
Lenovo,Notebook,Intel Core i5,4,512,Intel,Other OS,2.2,24881.76,1.98
HP,Notebook,Intel Core i7,8,512,Nvidia,Windows,2.5,54239.04,1.78
Lenovo,Notebook,Intel Core i7,8,256,Intel,Windows,2.05,46886.4,1.98
Apple,Ultrabook,Intel Core i5,8,512,Intel,mac OS,1.37,104370.192,4.21
Asus,Gaming,AMD Processor,16,256,AMD,Windows,3.2,82530.72,1.78
Dell,Notebook,Intel Core i7,8,256,AMD,Other OS,2.14,39164.5296,1.98
Lenovo,Convertible,Intel Core i7,16,512,Intel,Windows,1.36,133146.72,4.52
Toshiba,Notebook,Intel Core i7,8,256,Nvidia,Windows,2.2,43263.36,2.58
Dell,Notebook,Intel Core i7,12,512,Intel,Windows,2.3,37992.3696,2.58
Dell,Notebook,Intel Core i7,8,128,AMD,Other OS,2.8,58554.72,1.78
Acer,Notebook,Intel Core i7,8,512,Nvidia,Windows,2.2,39693.6,1.98
Lenovo,Notebook,Intel Core i3,4,512,Intel,Windows,2.8,26053.92,2.22
Lenovo,Notebook,Intel Core i7,8,1000,Nvidia,Other OS,2.8,45234.72,1.78
Lenovo,Notebook,Intel Core i7,6,128,Nvidia,Windows,2.8,45767.52,2.22
Dell,Notebook,Intel Core i3,4,512,AMD,Other OS,2.25,22803.84,1.98
Lenovo,Gaming,Intel Core i5,8,256,Nvidia,Windows,2.5,44169.12,1.98
Lenovo,Notebook,Intel Core i5,6,256,Intel,Windows,2.2,30849.12,1.98
Acer,Notebook,Intel Core i7,8,256,Nvidia,Windows,3.0,50669.28,1.98
Acer,Notebook,Intel Core i7,12,512,Intel,Windows,2.15,35111.52,1.98
Lenovo,Notebook,Intel Core i7,8,256,Intel,Windows,1.95,58448.16,1.98
Asus,Ultrabook,Intel Core i5,8,256,Nvidia,Windows,1.7,52054.56,1.98
Lenovo,Gaming,Intel Core i7,16,256,Nvidia,Windows,2.5,62817.12,1.98
Lenovo,Notebook,Intel Core i7,8,512,Nvidia,Other OS,2.2,35112.0528,1.98
Acer,Notebook,Other Intel Processor,2,16,Intel,Other OS,2.19,10602.72,2.58
Asus,Gaming,Intel Core i7,8,512,Nvidia,Windows,3.0,63243.36,1.78
HP,Notebook,Intel Core i3,8,512,Intel,Windows,2.54,26053.92,2.22
Dell,Notebook,Intel Core i7,8,256,Nvidia,Windows,2.0,97449.12,1.98
Lenovo,Notebook,Intel Core i5,8,256,Intel,Windows,2.05,39373.92,1.98
Lenovo,Gaming,Intel Core i7,8,512,Nvidia,Windows,3.2,69210.72,1.98
Acer,Notebook,Intel Core i7,8,256,Nvidia,Other OS,2.5,52161.12,1.98
Dell,Workstation,Intel Core i7,16,256,Nvidia,Windows,3.42,153705.3408,1.78
Lenovo,Notebook,AMD Processor,6,512,AMD,Windows,2.4,26586.72,1.98
Asus,Ultrabook,Intel Core i7,16,512,Nvidia,Windows,1.63,78215.04,1.98
Asus,Notebook,Intel Core i3,4,128,Intel,Windows,1.3,27119.52,2.88
Asus,Gaming,Intel Core i7,16,256,Nvidia,Windows,2.9,113060.16,1.78
Lenovo,Notebook,Intel Core i5,6,512,Nvidia,Windows,2.8,34578.72,2.22
Lenovo,Notebook,Intel Core i5,8,1000,Nvidia,Other OS,2.2,29250.72,2.58
Asus,Gaming,Intel Core i7,8,128,Nvidia,Windows,2.5,67399.2,1.98
Lenovo,Notebook,Other Intel Processor,4,512,Intel,Other OS,2.2,19180.2672,2.58
HP,Convertible,Intel Core i7,16,256,Intel,Windows,1.28,105228.0,2.32
Toshiba,Notebook,Intel Core i7,8,256,Nvidia,Windows,2.2,55571.04,1.98
Lenovo,Notebook,Intel Core i5,8,128,Nvidia,Windows,2.3,43636.32,1.98
HP,Notebook,Intel Core i3,4,512,Intel,Windows,1.86,24988.32,1.98
Lenovo,Notebook,Intel Core i5,8,256,Intel,Windows,1.1,53226.72,2.32
Dell,Ultrabook,Intel Core i7,16,1000,Intel,Windows,1.21,133146.72,3.28
MSI,Gaming,Intel Core i7,16,256,Nvidia,Windows,2.8,111834.72,1.98
Acer,Notebook,AMD Processor,8,256,AMD,Windows,2.23,24988.32,1.98
Asus,Convertible,Other Intel Processor,2,32,Intel,Windows,1.1,14652.0,3.47
Dell,Notebook,Intel Core i5,8,128,AMD,Windows,2.33,44968.32,1.98
HP,Convertible,Intel Core i7,16,1000,Intel,Windows,1.29,130482.72,3.28
Lenovo,Notebook,Other Intel Processor,4,16,Intel,Other OS,1.45,24503.472,3.03
HP,Notebook,Intel Core i5,8,256,Intel,Windows,1.95,52214.4,2.2
Acer,Notebook,Other Intel Processor,4,128,Intel,Windows,1.4,25840.8,3.47
HP,Notebook,Intel Core i7,8,256,Intel,Windows,1.48,68837.76,2.2
Lenovo,Notebook,Intel Core i5,4,512,Nvidia,Windows,2.79,31381.92,2.22
Asus,Notebook,Intel Core i7,8,256,Intel,Windows,2.0,58288.32,2.2
HP,Notebook,Intel Core i7,8,512,Intel,Windows,2.1,48058.56,2.58
Acer,Notebook,AMD Processor,8,256,AMD,Windows,2.2,35111.52,2.58
Lenovo,Notebook,Other Intel Processor,4,32,Intel,Windows,1.44,15557.76,2.88
Acer,Notebook,Intel Core i5,6,512,Intel,Windows,2.23,29250.72,2.58
Asus,Ultrabook,Intel Core i7,8,256,Nvidia,Windows,1.7,55938.672,1.98
HP,Ultrabook,Intel Core i7,8,256,Intel,Windows,1.26,71128.8,2.47
Dell,Notebook,Intel Core i7,32,1000,Nvidia,Windows,2.06,140605.92,2.8
MSI,Gaming,Intel Core i7,8,256,Nvidia,Windows,2.7,63882.72,1.78
Toshiba,Notebook,Intel Core i5,8,256,Intel,Windows,2.0,50243.04,1.98
Asus,Notebook,Intel Core i7,8,256,Intel,Windows,2.0,71075.52,2.2
Lenovo,Notebook,Intel Core i3,4,512,Intel,Windows,1.85,23922.72,1.98
Asus,Gaming,Intel Core i7,8,256,Nvidia,Windows,2.5,53226.72,1.98
HP,Notebook,Intel Core i5,8,256,Intel,Windows,1.48,67559.04,2.2
Dell,Ultrabook,Intel Core i5,8,128,Nvidia,Windows,1.9,55890.72,1.98
HP,Notebook,Intel Core i5,8,256,Intel,Windows,1.84,60952.32,1.98
Asus,Notebook,Other Intel Processor,4,512,Intel,Other OS,2.0,14651.4672,2.58
Dell,Notebook,Intel Core i5,8,256,Nvidia,Windows,2.0,60885.72,1.98
Dell,Notebook,Other Intel Processor,4,256,Intel,Other OS,2.2,14646.672,2.58
Lenovo,Notebook,AMD Processor,12,1000,AMD,Windows,2.2,47898.72,1.98
HP,Notebook,Intel Core i3,8,512,Nvidia,Windows,2.1,38148.48,1.98
Lenovo,Convertible,Intel Core i7,16,512,Intel,Windows,1.4,111834.72,3.14
Dell,Ultrabook,Intel Core i7,8,256,Intel,Windows,1.2,84129.12,2.32
Lenovo,Gaming,Intel Core i7,16,256,Nvidia,Windows,2.4,60153.12,1.98
HP,Notebook,Other Intel Processor,2,32,Intel,Windows,1.44,14865.12,2.88
Dell,Ultrabook,Intel Core i7,16,512,Intel,Windows,1.88,85672.1088,1.98
Asus,Convertible,Other Intel Processor,4,32,Intel,Windows,1.5,19980.0,3.47
Dell,Ultrabook,Intel Core i5,8,512,AMD,Windows,1.9,35324.64,1.98
Dell,Notebook,Intel Core i7,16,512,Nvidia,Windows,2.06,108020.9376,2.8
HP,Notebook,Intel Core i7,8,256,Intel,Windows,1.84,69477.12,1.98
MSI,Gaming,Intel Core i7,8,128,Nvidia,Windows,2.7,75071.52,1.78
HP,Workstation,Intel Core i7,8,256,Nvidia,Windows,2.6,92615.0256,1.98
Toshiba,Notebook,Intel Core i7,16,512,Nvidia,Windows,2.4,74751.84,1.98
Dell,Notebook,Intel Core i7,8,128,AMD,Windows,2.02,51729.552,1.98
Lenovo,Notebook,Other Intel Processor,4,512,Intel,Other OS,2.2,17155.6272,2.58
Dell,Gaming,Intel Core i5,8,512,Nvidia,Windows,2.65,53226.72,1.98
Dell,Notebook,Intel Core i5,8,1000,Intel,Windows,2.36,29696.6736,2.58
Dell,Notebook,Intel Core i5,8,256,Intel,Windows,1.36,76030.56,2.2
HP,Notebook,Intel Core i3,4,256,Intel,Windows,1.86,23389.92,2.58
Asus,Notebook,Intel Core i5,8,256,Intel,Windows,2.0,50349.6,2.2
Lenovo,Notebook,Intel Core i5,6,128,Nvidia,Windows,2.8,38308.32,2.22
HP,Notebook,Intel Core i5,8,512,Intel,Windows,1.86,34045.92,1.98
Lenovo,Notebook,Intel Core i3,8,256,Nvidia,Other OS,2.2,26586.72,2.58
HP,Notebook,Other Intel Processor,8,1000,Intel,Windows,2.04,20725.92,2.58
Dell,Notebook,Intel Core i5,8,128,AMD,Windows,2.8,57808.8,1.78
Lenovo,Gaming,Intel Core i5,8,128,Nvidia,Other OS,2.4,43103.52,1.98
Dell,Notebook,Intel Core i7,8,256,AMD,Windows,2.33,47898.72,1.98
HP,Ultrabook,Intel Core i7,8,256,Intel,Windows,1.36,93240.0,2.2
Asus,Convertible,Intel Core i7,12,512,Nvidia,Windows,2.26,58554.72,1.98
Acer,Notebook,AMD Processor,4,128,AMD,Windows,2.1,22697.28,2.58
Asus,Gaming,AMD Processor,16,256,AMD,Windows,3.25,117162.72,1.78
Lenovo,Notebook,AMD Processor,4,128,AMD,Windows,2.6,26053.92,2.22
Dell,Convertible,Intel Core i7,8,256,Intel,Windows,1.62,46300.8528,2.32
HP,Notebook,AMD Processor,4,256,AMD,Windows,1.91,26053.3872,1.98
Lenovo,Netbook,Other Intel Processor,4,128,Intel,Windows,1.59,29463.84,3.47
Dell,Notebook,Other Intel Processor,4,256,Intel,Windows,1.8,16463.52,2.58
Asus,Notebook,Other Intel Processor,4,32,Intel,Windows,1.5,15238.08,2.88
Acer,Notebook,Intel Core i7,8,512,Nvidia,Other OS,2.4,45074.88,1.98
HP,Gaming,Intel Core i7,8,128,Nvidia,Windows,3.35,63456.48,1.78
Lenovo,Notebook,Intel Core i3,4,128,Intel,Other OS,1.85,21498.48,1.98
Asus,Gaming,Intel Core i7,8,128,Nvidia,Windows,2.3,88178.4,1.98
Lenovo,Notebook,Intel Core i5,8,256,Nvidia,Windows,1.5,58554.72,2.2
Asus,Ultrabook,Intel Core i7,16,512,Intel,Windows,1.1,93181.392,2.32
Lenovo,Ultrabook,Intel Core i7,8,512,Intel,Windows,1.13,121584.96,4.52
Lenovo,Notebook,Intel Core i3,4,128,Intel,Windows,1.5,29250.72,2.32
Dell,Workstation,Intel Core i5,8,256,AMD,Windows,2.23,72940.32,1.98
Dell,Workstation,Intel Core i7,8,256,Nvidia,Windows,2.0,113752.8,1.98
Lenovo,Convertible,Intel Core i7,16,512,Intel,Windows,1.42,133679.52,4.52
Asus,Gaming,Intel Core i7,8,512,Nvidia,Windows,3.0,55357.92,1.78
Asus,Gaming,Intel Core i7,16,256,Nvidia,Windows,3.0,84768.48,1.78
Acer,Notebook,Intel Core i5,12,512,Nvidia,Windows,2.2,36975.7872,2.58
MSI,Gaming,Intel Core i7,8,256,Nvidia,Windows,2.7,71874.72,1.78
Dell,Notebook,Intel Core i7,8,256,AMD,Other OS,2.33,41498.1936,1.98
HP,Ultrabook,AMD Processor,4,256,AMD,Windows,1.91,26586.72,1.98
Lenovo,Notebook,Intel Core i7,8,256,AMD,Windows,2.1,65510.9568,1.98
Lenovo,Notebook,Intel Core i5,8,256,Intel,Windows,1.9,49976.64,2.2
Dell,Workstation,Intel Core i7,8,256,Nvidia,Windows,1.78,144495.36,2.8
Lenovo,Ultrabook,Intel Core i7,16,1000,Intel,Windows,1.13,139860.0,4.52
Lenovo,Notebook,Other Intel Processor,4,512,Intel,Windows,2.2,16303.68,2.58
Asus,Gaming,Intel Core i7,16,256,Nvidia,Windows,2.9,81465.12,1.78
Lenovo,Notebook,Intel Core i5,8,256,AMD,Windows,2.1,60978.96,1.98
Acer,Notebook,Intel Core i7,8,256,Nvidia,Other OS,2.5,46833.12,1.98
MSI,Gaming,Intel Core i7,16,256,Nvidia,Windows,2.8,119826.72,1.78
Asus,Ultrabook,Intel Core i7,8,512,Intel,Windows,1.1,99793.44,2.2
Toshiba,Ultrabook,Intel Core i7,16,512,Intel,Windows,1.2,93080.16,2.32
Dell,Ultrabook,Intel Core i7,8,512,Intel,Windows,1.36,89510.4,2.2
Lenovo,Notebook,Intel Core i3,4,256,Intel,Windows,2.2,21791.52,1.98
Lenovo,Notebook,Other Intel Processor,2,32,Intel,Windows,1.15,16221.096,3.47
Lenovo,Workstation,Intel Core i7,8,512,Nvidia,Windows,2.67,102564.0,1.98
Lenovo,Ultrabook,Intel Core i7,8,512,Nvidia,Windows,1.7,103523.04,4.52
HP,Notebook,Intel Core i3,4,512,AMD,Windows,2.1,24988.32,1.98
Acer,Convertible,Intel Core i7,8,256,Intel,Windows,1.6,42038.4528,2.32
Asus,Convertible,Intel Core i5,8,256,Intel,Windows,1.27,49443.84,2.32
Dell,Notebook,Intel Core i5,4,256,AMD,Other OS,2.3,31909.392,1.98
Dell,Notebook,Intel Core i3,4,128,Intel,Windows,1.65,36709.92,3.03
HP,Ultrabook,Intel Core i7,8,256,Intel,Windows,1.43,79920.0,2.2
Dell,Notebook,Intel Core i5,8,512,Intel,Windows,2.14,28768.536,2.58
Lenovo,Ultrabook,Intel Core i7,8,256,AMD,Windows,1.75,64755.4464,2.2
Lenovo,Convertible,Intel Core i7,16,512,Nvidia,Windows,2.0,101178.72,2.8
HP,Notebook,Intel Core i7,8,256,Intel,Windows,2.31,76030.56,1.98
Asus,Notebook,Intel Core i3,8,512,Nvidia,Other OS,2.3,31808.16,1.98
Dell,Gaming,Intel Core i7,16,256,Nvidia,Windows,4.42,149130.72,3.66
Dell,Gaming,Intel Core i7,8,128,Nvidia,Windows,2.62,61751.52,1.98
Dell,Notebook,Intel Core i7,8,256,AMD,Windows,2.02,60867.072,1.98
Dell,Ultrabook,Intel Core i7,8,256,Intel,Other OS,1.6,58554.72,2.2
HP,Gaming,Intel Core i7,12,256,Nvidia,Windows,3.35,106506.72,1.78
Lenovo,Notebook,Intel Core i7,8,256,Intel,Windows,1.4,53812.8,2.32
Lenovo,Notebook,Intel Core i3,4,128,Intel,Windows,1.7,31914.72,2.2
Lenovo,Workstation,Intel Core i7,16,512,Nvidia,Windows,2.3,130269.6,2.8
Lenovo,Notebook,Intel Core i7,16,512,Nvidia,Windows,2.5,130482.72,1.98
Asus,Gaming,AMD Processor,8,256,AMD,Windows,3.2,90309.6,1.78
HP,Notebook,Other Intel Processor,4,256,Intel,Windows,2.1,18488.16,2.58
Lenovo,Ultrabook,Intel Core i7,24,512,Intel,Windows,1.32,126912.96,4.52
Asus,Notebook,Intel Core i5,4,256,Intel,Other OS,2.0,29783.52,1.98
Lenovo,Notebook,AMD Processor,8,512,AMD,Windows,2.8,27652.32,2.22
Dell,Notebook,Intel Core i5,4,256,AMD,Windows,2.2,39906.72,1.98
Lenovo,Ultrabook,Intel Core i5,8,256,Intel,Windows,1.36,76137.12,2.47
Lenovo,Notebook,Other Intel Processor,4,128,Intel,Windows,2.2,18594.72,1.98
HP,Gaming,Intel Core i7,8,128,Nvidia,Windows,2.2,58554.72,1.98
Dell,Notebook,Intel Core i5,8,256,Nvidia,Windows,1.64,62817.12,2.2
Acer,Notebook,Intel Core i5,4,256,Intel,Other OS,2.4,23539.104,2.58
Dell,Workstation,Other Intel Processor,8,64,Nvidia,Windows,2.23,106187.04,1.98
MSI,Gaming,Intel Core i5,8,256,Nvidia,Windows,2.2,54757.9872,1.98
HP,Notebook,Intel Core i5,8,128,Intel,Windows,1.91,31381.92,2.58
Dell,Workstation,Intel Core i7,16,256,Nvidia,Windows,2.17,105228.0,1.98
HP,Workstation,Intel Core i7,8,512,Intel,Windows,2.31,81731.52,1.98
Lenovo,Notebook,Intel Core i5,8,256,Intel,Windows,1.65,71661.6,2.2
Dell,Notebook,Intel Core i7,8,128,AMD,Windows,2.36,52161.12,1.98
Dell,Convertible,Other Intel Processor,4,256,Intel,Windows,1.47,25521.12,3.47
Dell,Notebook,Intel Core i7,8,512,Nvidia,Windows,4.42,109010.88,1.78
HP,Notebook,Intel Core i3,8,256,Intel,Windows,2.5,34093.872,2.22
Acer,Notebook,Intel Core i3,4,512,Nvidia,Windows,2.23,28984.32,1.98
Acer,Netbook,Other Intel Processor,4,128,Intel,Windows,1.4,23176.8,3.47
Asus,Notebook,Intel Core i5,8,512,Intel,Windows,2.37,39906.72,1.98
Lenovo,Notebook,Intel Core i7,8,512,AMD,Other OS,1.5,42570.72,2.2
Lenovo,Notebook,Intel Core i7,8,256,Nvidia,Windows,2.67,111355.2,1.98
Asus,Notebook,Other Intel Processor,4,256,Intel,Windows,2.0,16197.12,2.58
Acer,Notebook,Intel Core i3,4,256,Nvidia,Windows,2.2,24988.32,2.58
Dell,Notebook,Intel Core i5,8,1000,AMD,Windows,2.02,40439.52,1.98
HP,Gaming,Intel Core i7,12,512,Nvidia,Windows,3.78,90522.72,1.78
Lenovo,Ultrabook,Intel Core i7,12,256,Intel,Windows,1.4,98994.24,4.52
HP,Convertible,Intel Core i7,8,512,Intel,Windows,1.29,106506.72,3.28
HP,Notebook,Intel Core i5,8,256,AMD,Windows,1.9,61485.12,1.98
Dell,Ultrabook,Intel Core i5,8,256,Intel,Windows,1.42,98133.768,2.32
Asus,Notebook,Intel Core i7,12,128,Intel,Windows,2.06,69210.72,2.8
Dell,Notebook,Intel Core i3,8,128,Intel,Windows,1.79,39427.2,2.88
Dell,Workstation,Intel Core i7,8,256,Nvidia,Windows,1.78,128298.24,1.98
Lenovo,Notebook,Intel Core i5,8,180,Intel,Windows,1.7,72673.92,2.2
Dell,Notebook,Intel Core i5,8,512,AMD,Windows,2.2,35964.0,1.98
Toshiba,Notebook,Intel Core i5,8,256,Intel,Windows,1.05,89084.16,2.32
Dell,Notebook,Intel Core i7,8,512,Nvidia,Windows,2.16,67239.36,1.98
Dell,Notebook,Intel Core i3,4,512,Intel,Windows,2.18,31254.048,2.58
HP,Notebook,Intel Core i5,4,128,Intel,Windows,1.49,38681.28,2.32
Lenovo,Notebook,Intel Core i3,4,128,Intel,Windows,2.3,30103.2,2.58
Lenovo,Notebook,Intel Core i5,8,256,Intel,Windows,1.75,55890.72,2.2
Dell,Workstation,Intel Core i7,16,512,Nvidia,Windows,2.17,124568.64,1.98
Dell,Notebook,Intel Core i7,16,512,Nvidia,Windows,2.06,101178.72,1.98
Lenovo,Ultrabook,Intel Core i7,16,512,Intel,Windows,1.36,95797.44,2.47
Asus,Ultrabook,Intel Core i7,16,512,Intel,Windows,0.91,103896.0,2.47
Lenovo,Notebook,Intel Core i5,8,256,Nvidia,Windows,2.3,53918.8272,1.98
Toshiba,Ultrabook,Intel Core i7,32,512,Intel,Windows,1.05,149130.72,2.32
Asus,Gaming,Intel Core i7,8,128,Nvidia,Windows,1.99,71928.0,1.98
Acer,Notebook,AMD Processor,8,512,AMD,Windows,2.2,30849.12,2.58
Asus,Gaming,Intel Core i7,24,256,Nvidia,Windows,4.33,67612.32,1.78
Lenovo,Ultrabook,Intel Core i5,8,180,Intel,Windows,1.3,58554.72,3.22
Lenovo,Notebook,Intel Core i7,8,256,Intel,Windows,2.17,47893.392,1.98
HP,Notebook,Intel Core i7,8,1000,Intel,Windows,1.48,93186.72,2.2
Lenovo,Notebook,Intel Core i3,8,256,Intel,Windows,1.4,50562.72,2.32
Lenovo,Notebook,Intel Core i5,8,256,Intel,Windows,2.3,48538.08,1.98
Asus,Netbook,Other Intel Processor,4,64,Intel,Windows,1.2,18115.2,3.47
HP,Notebook,Intel Core i5,8,256,AMD,Windows,1.91,32979.7872,2.58
Lenovo,Convertible,Intel Core i5,8,256,Intel,Windows,1.4,85194.72,2.22
Lenovo,Notebook,Other Intel Processor,4,256,Intel,Windows,2.1,15930.72,2.88
Lenovo,Netbook,Other Intel Processor,4,16,Intel,Other OS,1.25,14119.2,3.47
Lenovo,Notebook,Intel Core i5,8,256,Intel,Windows,1.44,50562.72,2.32
Asus,Notebook,Intel Core i7,8,256,Intel,Windows,2.0,65214.72,1.98
Acer,Notebook,Intel Core i5,4,512,Nvidia,Windows,2.2,32660.64,1.98
HP,Ultrabook,Intel Core i7,8,512,Intel,Windows,1.34,70489.44,2.32
Lenovo,Gaming,Intel Core i7,8,256,Nvidia,Other OS,2.4,61218.72,1.98
Dell,Ultrabook,Intel Core i5,8,128,Intel,Windows,1.29,47898.72,2.32
Acer,Notebook,Intel Core i7,4,256,Nvidia,Windows,2.2,34045.92,1.98
Dell,Notebook,Intel Core i5,8,512,Intel,Windows,2.18,44542.08,1.98
Dell,Notebook,Intel Core i7,16,256,AMD,Windows,2.2,64961.1072,1.98
Asus,Netbook,Other Intel Processor,2,32,Intel,Windows,1.1,13053.6,3.47
HP,Notebook,Intel Core i5,4,512,Intel,Windows,2.04,27783.9216,2.58
Asus,Gaming,Intel Core i7,24,512,Nvidia,Windows,2.24,158135.04,1.98
HP,Notebook,Intel Core i5,8,256,Nvidia,Windows,2.04,47365.92,1.98
Asus,Gaming,Intel Core i7,16,256,Nvidia,Windows,3.0,80133.12,1.78
Lenovo,Gaming,Intel Core i7,8,256,Nvidia,Windows,3.2,74538.72,1.98
HP,Ultrabook,Intel Core i7,8,256,Intel,Windows,1.32,74538.72,2.32
Dell,Notebook,Intel Core i5,8,256,Intel,Windows,1.64,68184.0144,2.2
HP,Notebook,Intel Core i3,4,128,Intel,Windows,1.63,36709.92,2.58
Dell,Notebook,Intel Core i5,8,128,AMD,Other OS,2.8,47365.92,1.78
Lenovo,Notebook,Intel Core i5,8,256,Intel,Windows,2.02,71395.2,2.2
Lenovo,Notebook,Intel Core i7,4,512,Nvidia,Windows,2.2,42570.72,1.98
Lenovo,Notebook,Intel Core i3,8,1000,Nvidia,Other OS,2.2,24455.52,2.58
Dell,Notebook,Intel Core i5,4,256,AMD,Windows,2.3,31168.8,1.98
Dell,Notebook,Intel Core i5,8,256,Intel,Windows,1.9,73366.56,1.98
Dell,Gaming,Intel Core i7,16,128,Nvidia,Windows,4.42,160520.3856,1.78
Toshiba,Notebook,Intel Core i5,8,256,Intel,Windows,2.0,45820.8,1.98
Asus,Notebook,Intel Core i7,8,256,Nvidia,Windows,2.0,69210.72,2.8
Asus,Gaming,Intel Core i5,8,128,Nvidia,Windows,2.3,87858.72,1.98
Dell,Notebook,Intel Core i7,8,256,Nvidia,Windows,1.93,72940.32,1.98
Dell,Notebook,Intel Core i5,8,256,AMD,Windows,2.2,42486.0048,1.98
HP,Notebook,Other Intel Processor,4,256,Intel,Windows,1.86,21258.1872,1.98
HP,Gaming,Intel Core i7,12,512,Nvidia,Windows,2.62,95850.72,1.78
Lenovo,Notebook,Intel Core i7,8,256,Nvidia,Windows,1.87,45767.52,2.2
Dell,Ultrabook,Intel Core i7,8,256,Intel,Windows,1.2,74538.72,4.09
Dell,Notebook,Intel Core i3,4,128,Intel,Windows,1.6,39207.1536,2.2
HP,Ultrabook,Intel Core i7,8,256,Intel,Windows,1.34,61005.6,4.09
Acer,Gaming,Intel Core i5,8,512,Nvidia,Other OS,2.4,42517.44,1.98
Asus,Notebook,AMD Processor,4,256,AMD,Windows,2.0,18594.72,2.58
HP,Notebook,Intel Core i3,4,128,Intel,Windows,2.1,37589.04,1.98
Lenovo,Notebook,Intel Core i5,4,256,Intel,Windows,1.87,41824.8,2.2
Lenovo,Notebook,Intel Core i5,4,512,Intel,Other OS,2.15,24634.008,1.98
HP,Notebook,Intel Core i3,4,256,Intel,Windows,1.86,21152.16,1.98
Lenovo,Notebook,Intel Core i7,8,512,Intel,Windows,1.99,92121.12,1.98
Lenovo,Notebook,Intel Core i3,4,128,Intel,Windows,2.2,26586.72,1.98
Dell,Notebook,Intel Core i5,8,256,Intel,Windows,1.9,59513.2272,1.98
Dell,Gaming,Intel Core i7,16,256,Nvidia,Windows,4.42,143802.72,1.78
HP,Notebook,Intel Core i3,8,512,Intel,Windows,2.65,28992.312,2.22
HP,Notebook,Intel Core i7,8,512,Nvidia,Windows,2.63,68198.4,1.78
Asus,Notebook,Other Intel Processor,4,256,Intel,Other OS,2.0,11934.72,2.58
Lenovo,Notebook,Intel Core i7,6,128,Nvidia,Windows,2.8,50562.72,2.22
HP,Notebook,AMD Processor,6,128,AMD,Windows,1.91,30310.992,1.98
Dell,Notebook,Intel Core i3,4,512,AMD,Windows,2.18,32921.712,2.58
Acer,Convertible,Other Intel Processor,4,32,Intel,Windows,1.25,18594.72,2.66
Lenovo,Notebook,Intel Core i3,4,128,Intel,Windows,2.05,33566.4,1.98
HP,Ultrabook,Other Intel Processor,16,512,Intel,Windows,1.16,104695.2,4.09
Lenovo,Notebook,Intel Core i7,8,256,Nvidia,Windows,3.4,159786.72,1.78
Asus,Notebook,Intel Core i5,8,128,Nvidia,Windows,2.5,44701.92,1.98
Dell,Ultrabook,Intel Core i5,8,128,Intel,Windows,1.21,85194.72,3.28
Dell,Notebook,Intel Core i5,4,256,Intel,Windows,1.93,51095.52,2.58
Lenovo,Notebook,Other Intel Processor,4,256,Intel,Windows,2.2,18328.32,1.98
Lenovo,Notebook,Intel Core i5,4,256,Intel,Windows,2.02,52747.2,2.88
HP,Workstation,Intel Core i5,8,256,Nvidia,Windows,3.14,99153.5472,2.22
HP,Notebook,Other Intel Processor,8,1000,Intel,Windows,1.94,20725.92,2.88
HP,Notebook,AMD Processor,6,256,AMD,Windows,1.95,34578.72,1.98
Lenovo,Notebook,Intel Core i5,8,256,Intel,Windows,2.3,44222.4,1.98
Lenovo,Notebook,Intel Core i5,4,256,Intel,Windows,2.05,36496.8,1.98
Toshiba,Ultrabook,Intel Core i7,16,512,Intel,Windows,1.24,99367.2,2.2
Lenovo,Gaming,Intel Core i7,32,256,Nvidia,Windows,4.6,141884.64,1.78
MSI,Gaming,Intel Core i7,16,512,Nvidia,Windows,4.14,145401.12,1.78
Dell,Notebook,Intel Core i7,8,256,AMD,Other OS,2.2,39907.2528,1.98
Dell,Notebook,Intel Core i5,8,256,Intel,Windows,1.9,53733.9456,2.58
HP,Notebook,Intel Core i3,4,128,Intel,Windows,1.49,38308.32,2.32
Dell,Notebook,Intel Core i7,16,256,Nvidia,Windows,1.93,81912.1392,1.98
Dell,Netbook,Other Intel Processor,4,16,Intel,Other OS,1.26,15717.6,3.47
MSI,Gaming,Intel Core i7,16,128,Nvidia,Windows,4.5,125154.72,1.78
HP,Gaming,Intel Core i7,16,256,Nvidia,Windows,3.78,79813.44,1.78
Lenovo,Ultrabook,Intel Core i7,12,256,Intel,Windows,1.4,89137.44,2.2
Lenovo,Notebook,Intel Core i7,12,512,Intel,Windows,2.2,32447.52,2.58
Asus,Gaming,Intel Core i5,8,128,Nvidia,Windows,2.73,94305.6,1.78
Asus,Convertible,Intel Core i5,8,512,Intel,Windows,2.2,39373.92,2.58
Lenovo,Notebook,AMD Processor,12,512,AMD,Windows,2.2,50562.72,1.98
Dell,Convertible,Other Intel Processor,4,128,Intel,Windows,1.39,32127.84,3.47
Lenovo,Notebook,Intel Core i3,4,256,Intel,Other OS,2.8,28185.12,1.78
Lenovo,Notebook,Intel Core i3,8,512,Intel,Windows,2.29,24455.52,2.58
Lenovo,Convertible,Intel Core i7,8,512,Intel,Windows,1.37,107892.0,2.32
Lenovo,Notebook,Intel Core i5,8,256,Intel,Windows,1.7,78534.72,2.2
Dell,Convertible,Intel Core i5,8,256,Intel,Windows,1.34,88977.6,2.47
Dell,Workstation,Intel Core i7,8,256,Nvidia,Windows,2.06,93932.64,1.98
HP,Notebook,Intel Core i7,8,256,Intel,Windows,1.84,64948.32,1.98
HP,Notebook,Intel Core i3,4,256,Intel,Windows,2.1,35616.6144,2.58
Acer,Notebook,Other Intel Processor,4,32,Intel,Windows,1.6,17529.12,2.2
MSI,Gaming,Intel Core i7,16,128,Nvidia,Windows,4.14,117162.72,1.78
Dell,Notebook,Intel Core i3,4,512,AMD,Other OS,2.18,24775.2,2.58
MSI,Gaming,Intel Core i7,16,256,Nvidia,Windows,1.8,122490.72,2.8
Toshiba,Notebook,Intel Core i7,8,256,Intel,Windows,2.2,74538.72,1.98
Lenovo,Notebook,Intel Core i5,6,512,Intel,Windows,2.4,30049.92,1.98
Lenovo,Convertible,Intel Core i7,8,256,Intel,Windows,2.0,69210.72,1.98
Acer,Notebook,Other Intel Processor,4,128,Intel,Windows,1.6,18594.72,2.88
Lenovo,Notebook,Other Intel Processor,32,1000,Nvidia,Windows,2.5,261018.72,2.8
Dell,Gaming,Intel Core i7,16,512,Nvidia,Windows,2.59,46833.6528,1.98
Dell,Notebook,Intel Core i3,4,512,Intel,Other OS,2.18,23650.992,2.58
Dell,Notebook,Intel Core i3,4,512,Intel,Other OS,2.25,19127.52,2.58
Dell,Notebook,Intel Core i5,4,256,Intel,Other OS,1.93,46300.32,2.58
Asus,Gaming,Intel Core i7,8,128,Nvidia,Windows,3.0,62231.04,1.78
Dell,Notebook,Intel Core i5,4,128,AMD,Other OS,2.18,30316.32,1.98
HP,Ultrabook,Intel Core i7,8,512,Intel,Windows,1.84,74005.92,1.98
MSI,Gaming,Intel Core i7,16,256,Nvidia,Windows,2.94,120831.5808,1.98
Acer,Convertible,Other Intel Processor,4,32,Intel,Other OS,1.25,20193.12,3.47
HP,Notebook,Intel Core i5,8,256,Intel,Windows,2.31,59886.72,2.88
Lenovo,Notebook,Intel Core i5,8,256,Intel,Windows,1.65,78055.2,2.2
Dell,Notebook,Intel Core i5,4,512,AMD,Windows,2.2,41345.28,1.98
HP,Notebook,Intel Core i5,4,256,Intel,Windows,1.88,49656.96,2.58
Lenovo,Notebook,Intel Core i7,8,512,Nvidia,Windows,2.2,47898.72,1.98
Lenovo,Notebook,Intel Core i5,4,128,Intel,Other OS,2.2,24935.04,1.98
Asus,Convertible,Intel Core i5,6,512,Intel,Windows,1.5,34046.4528,2.32
Dell,Notebook,Intel Core i7,8,256,Nvidia,Windows,2.0,96969.6,1.98
Asus,Ultrabook,Intel Core i7,16,512,Intel,Windows,1.1,101232.0,2.2
Dell,Gaming,Intel Core i7,16,256,Nvidia,Windows,2.62,78801.12,1.98
Lenovo,Notebook,Intel Core i5,4,256,Intel,Windows,1.8,44169.12,1.98
Lenovo,Notebook,Intel Core i3,4,512,Nvidia,Windows,2.2,30849.12,1.98
Asus,Notebook,Other Intel Processor,8,512,Intel,Windows,2.0,21258.72,2.58
Asus,Notebook,Intel Core i5,8,512,Nvidia,Windows,1.99,48304.7136,1.98
Dell,Ultrabook,Intel Core i5,8,256,Intel,Windows,1.23,99580.32,4.09
Lenovo,Notebook,Other Intel Processor,2,32,Intel,Windows,1.42,13266.72,2.88
Lenovo,Convertible,Intel Core i7,8,256,Intel,Windows,1.37,93635.3376,2.32
Dell,Notebook,Intel Core i7,16,1000,Nvidia,Windows,2.06,127818.72,2.8
Lenovo,Gaming,Intel Core i7,8,128,Nvidia,Windows,2.5,59087.52,1.98
HP,Notebook,AMD Processor,8,512,AMD,Windows,2.6,27753.552,2.26
Lenovo,Ultrabook,Intel Core i7,16,512,Intel,Windows,1.14,130536.0,2.2
Asus,Gaming,Intel Core i7,8,512,Nvidia,Other OS,2.5,62284.32,1.98
Acer,Notebook,Intel Core i3,4,256,Intel,Windows,2.4,23976.0,2.58
Lenovo,Notebook,Other Intel Processor,4,32,Intel,Windows,1.43,14598.72,2.88
Acer,Ultrabook,Intel Core i5,8,256,Intel,Windows,1.8,48964.32,2.2
Toshiba,Notebook,Intel Core i5,8,256,Intel,Windows,1.2,64628.64,2.32
Lenovo,Ultrabook,Intel Core i7,8,256,Intel,Windows,1.36,84395.52,2.47
Asus,Gaming,Intel Core i7,32,512,Nvidia,Windows,3.8,149130.72,1.78
Acer,Gaming,Intel Core i5,8,512,Nvidia,Other OS,2.4,37775.52,1.98
Dell,Ultrabook,Intel Core i5,8,256,Intel,Windows,1.2,77250.672,2.32
MSI,Gaming,Intel Core i7,8,128,Nvidia,Windows,2.2,63499.104,1.98
HP,Notebook,Intel Core i3,4,256,Intel,Other OS,1.86,19441.872,2.58
Toshiba,Notebook,Intel Core i5,8,256,Intel,Windows,2.0,56689.92,1.98
Dell,Notebook,Intel Core i7,8,256,AMD,Windows,2.2,48964.32,1.98
Dell,Notebook,Intel Core i7,16,256,AMD,Windows,2.2,60472.8,1.98
Lenovo,Gaming,Intel Core i7,8,128,Nvidia,Windows,3.31,63722.88,1.98
Dell,Gaming,Intel Core i7,32,512,Nvidia,Windows,4.42,167691.8736,2.52
Dell,Notebook,Intel Core i5,8,256,Intel,Windows,1.56,65481.12,2.2
Lenovo,Notebook,Other Intel Processor,4,256,Intel,Windows,2.2,22324.32,2.58
Lenovo,Notebook,Intel Core i5,4,256,Intel,Windows,2.2,28504.8,1.98
HP,Notebook,Intel Core i3,6,512,AMD,Windows,2.04,28717.92,1.98
MSI,Gaming,Intel Core i7,8,128,Nvidia,Windows,2.7,79215.1056,1.78
Toshiba,Notebook,Intel Core i3,4,128,Intel,Windows,2.1,26533.44,2.58
Dell,Notebook,Intel Core i5,8,512,Intel,Windows,2.06,50882.4,1.98
HP,Notebook,Intel Core i7,8,512,AMD,Windows,2.1,39693.6,1.98
Toshiba,Notebook,Intel Core i5,8,256,Intel,Windows,2.0,67026.24,1.98
Acer,Notebook,Intel Core i3,4,128,Intel,Other OS,2.1,21951.36,2.58
Lenovo,Notebook,Intel Core i5,8,128,AMD,Windows,1.9,43580.376,1.98
Lenovo,Convertible,Intel Core i5,8,256,Intel,Windows,1.3,55091.52,2.32
Lenovo,Notebook,AMD Processor,4,128,AMD,Windows,2.2,18594.72,2.58
HP,Convertible,Intel Core i3,4,128,Nvidia,Windows,1.63,37242.72,2.2
MSI,Gaming,Intel Core i7,16,256,Nvidia,Windows,2.4,68944.32,1.98
Asus,Ultrabook,Intel Core i5,8,256,Intel,Windows,1.1,60472.8,2.2
HP,Convertible,Other Intel Processor,8,64,Intel,Other OS,1.4,26373.6,3.47
Acer,Gaming,Intel Core i5,16,256,Nvidia,Windows,2.5,69210.72,1.98
MSI,Gaming,Intel Core i5,8,256,Nvidia,Windows,2.2,53168.112,1.98
Asus,Notebook,Other Intel Processor,4,128,Intel,Windows,1.86,22324.32,2.58
Dell,Gaming,Intel Core i5,16,128,Nvidia,Windows,3.21,109277.28,1.98
HP,Notebook,Intel Core i3,4,256,AMD,Windows,2.5,37242.72,1.78
Lenovo,Convertible,Intel Core i7,8,512,Intel,Windows,1.19,79866.72,2.32
Dell,Gaming,Intel Core i7,16,256,Nvidia,Windows,3.49,149916.6,1.98
HP,Notebook,Intel Core i5,4,256,AMD,Windows,1.86,32639.8608,2.58
Dell,Notebook,Intel Core i3,4,512,AMD,Windows,2.2,29073.2976,2.58
HP,Notebook,AMD Processor,6,1000,AMD,Windows,2.65,30316.32,1.78
Lenovo,Notebook,Other Intel Processor,4,256,Intel,Windows,2.1,16943.04,2.58
Acer,Notebook,Other Intel Processor,4,32,Intel,Other OS,1.45,19980.0,2.88
Lenovo,Notebook,Intel Core i5,4,256,Intel,Windows,1.7,37242.72,2.2
HP,Workstation,Intel Core i7,8,256,Nvidia,Windows,3.14,101657.7072,1.78
Lenovo,Convertible,Intel Core i7,8,256,Intel,Windows,1.42,137995.2,4.52
Toshiba,Notebook,Intel Core i5,8,256,Intel,Windows,1.5,51841.44,2.32
Acer,Netbook,Other Intel Processor,4,32,Intel,Windows,1.4,14332.32,3.47
Lenovo,Convertible,Intel Core i7,16,512,Intel,Windows,1.38,93186.72,2.2
Asus,Convertible,Other Intel Processor,4,64,Intel,Other OS,1.2,35644.32,2.47
Toshiba,Ultrabook,Intel Core i7,16,512,Intel,Windows,1.36,100006.56,2.32
HP,Notebook,Intel Core i7,4,256,AMD,Windows,2.1,36709.92,1.98
Dell,Gaming,Intel Core i5,8,512,Nvidia,Windows,2.56,43636.32,1.98
Lenovo,Notebook,AMD Processor,4,256,AMD,Windows,2.2,21258.72,1.98
Lenovo,Notebook,AMD Processor,8,512,AMD,Windows,2.2,22857.12,2.58
Lenovo,Notebook,Intel Core i5,4,512,Intel,Windows,2.1,33110.856,1.98
Lenovo,Notebook,Intel Core i3,4,256,Intel,Other OS,1.9,23976.0,2.58
Dell,Notebook,Intel Core i5,8,256,Intel,Windows,2.18,42357.6,1.98
Acer,Convertible,Intel Core i5,8,256,Intel,Windows,1.6,53226.72,2.32
Lenovo,Workstation,Intel Core i7,16,512,Nvidia,Windows,2.18,98834.4,1.98
Lenovo,Notebook,Intel Core i5,8,256,Intel,Windows,1.8,63456.48,2.2
HP,Notebook,AMD Processor,6,1000,AMD,Windows,2.71,34898.9328,1.78
Lenovo,Gaming,Intel Core i7,8,128,Nvidia,Windows,2.5,66546.72,1.98
Dell,Notebook,Intel Core i5,8,256,Nvidia,Other OS,1.64,58021.92,2.2
Dell,Notebook,Intel Core i5,8,512,Intel,Other OS,1.98,38681.28,1.98
Asus,Notebook,Other Intel Processor,4,32,Intel,Windows,1.5,15877.44,2.2
Dell,Notebook,Intel Core i5,16,512,Intel,Windows,1.93,76012.4448,1.98
Lenovo,Notebook,Intel Core i5,8,256,Nvidia,Windows,1.87,45664.6896,2.2
Dell,Notebook,Intel Core i5,8,256,Intel,Windows,1.9,62817.12,1.98
Lenovo,Notebook,AMD Processor,4,256,AMD,Windows,2.19,15877.44,2.58
HP,Notebook,Intel Core i7,8,256,Nvidia,Windows,2.63,63936.0,1.78
Lenovo,Ultrabook,Intel Core i7,8,512,Intel,Windows,1.17,89864.1792,4.52
HP,Convertible,Intel Core i5,8,256,Intel,Windows,1.58,44574.048,3.03
Lenovo,Ultrabook,Intel Core i5,8,256,Intel,Windows,1.32,79866.72,2.2
Dell,Gaming,Intel Core i7,32,1000,Nvidia,Windows,4.36,194972.832,2.52
MSI,Gaming,Intel Core i7,8,128,Nvidia,Windows,2.7,71847.0144,1.78
Lenovo,Notebook,Intel Core i5,4,512,Intel,Other OS,1.9,26101.872,2.58
Dell,Notebook,Intel Core i5,8,128,AMD,Windows,2.2,38308.32,1.98
Dell,Convertible,Intel Core i3,4,512,Intel,Windows,1.71,34578.72,2.32
Dell,Notebook,Intel Core i5,8,512,AMD,Other OS,2.32,31409.6256,2.58
HP,Notebook,AMD Processor,4,512,AMD,Windows,2.1,26053.92,1.98
Acer,Gaming,Intel Core i7,16,128,Nvidia,Windows,4.2,103096.8,1.78
Dell,Notebook,Intel Core i5,12,512,Intel,Windows,2.25,34578.72,2.58
HP,Notebook,AMD Processor,6,128,AMD,Windows,2.1,34632.0,1.98
Acer,Notebook,Intel Core i5,4,256,Intel,Windows,2.4,29783.52,2.58
Lenovo,Notebook,Intel Core i5,8,256,Intel,Windows,1.44,51148.8,2.32
Lenovo,Notebook,Intel Core i7,4,512,Intel,Windows,1.85,41505.12,1.98
HP,Workstation,Intel Core i7,16,256,Nvidia,Windows,2.6,128884.32,1.98
Dell,Convertible,Intel Core i5,8,512,Intel,Windows,1.55,35111.52,2.32
MSI,Gaming,Intel Core i7,16,256,Nvidia,Windows,1.8,111593.8944,1.98
Acer,Notebook,Intel Core i3,4,256,Intel,Windows,2.4,21887.424,2.58
Dell,Notebook,Intel Core i7,8,128,Nvidia,Windows,2.0,64308.96,1.98
Dell,Notebook,Intel Core i3,8,256,Intel,Windows,2.0,35431.2,2.58
Toshiba,Notebook,Intel Core i5,8,256,Intel,Windows,1.25,81784.8,2.2
Lenovo,Convertible,Intel Core i5,8,256,Intel,Windows,1.7,53226.72,2.2
Lenovo,Workstation,Intel Core i7,16,1000,Nvidia,Windows,2.5,175770.72,2.8
Acer,Notebook,Other Intel Processor,2,32,Intel,Other OS,1.68,17582.4,2.88
HP,Notebook,Intel Core i3,8,256,Intel,Windows,1.86,28717.92,1.98
Dell,Notebook,Intel Core i5,8,256,Intel,Windows,1.6,60031.1088,2.88
HP,Workstation,Other Intel Processor,16,256,Nvidia,Windows,3.0,233845.92,1.78
Lenovo,Netbook,Other Intel Processor,4,128,Intel,Windows,1.4,25308.0,3.47
HP,Notebook,Intel Core i5,8,256,Intel,Windows,1.84,101232.0,1.98
Asus,Notebook,Intel Core i5,4,512,Nvidia,Other OS,2.45,30849.12,2.58
Lenovo,Ultrabook,Intel Core i5,4,180,Intel,Windows,1.7,58394.88,2.2
Asus,Notebook,Intel Core i7,4,256,Intel,Windows,2.37,45282.672,2.58
Lenovo,Convertible,Intel Core i5,8,256,Intel,Windows,1.3,63882.72,4.09
HP,Notebook,Intel Core i5,8,128,Nvidia,Windows,2.2,58554.72,1.98
HP,Workstation,Intel Core i7,8,256,Nvidia,Windows,2.59,83170.08,1.98
Dell,Gaming,Intel Core i7,16,256,Nvidia,Windows,4.42,152859.7872,2.8
Acer,Notebook,Intel Core i5,4,256,Intel,Windows,2.1,31914.72,2.58
Lenovo,Gaming,Intel Core i7,8,128,Nvidia,Windows,2.5,55837.44,1.98
Dell,Ultrabook,Intel Core i7,16,256,Intel,Windows,1.18,99047.52,2.47
Asus,Ultrabook,Intel Core i5,8,256,Intel,Windows,1.2,60153.12,4.09
Dell,Notebook,Intel Core i3,4,256,Intel,Windows,1.65,45234.72,3.03
Acer,Notebook,Intel Core i5,4,128,Intel,Windows,1.6,34898.4,3.03
Asus,Notebook,Other Intel Processor,4,512,Nvidia,Windows,2.8,25059.7152,2.33
Dell,Gaming,Intel Core i7,16,128,Nvidia,Windows,2.72,58554.72,2.8
Acer,Notebook,Other Intel Processor,4,512,Intel,Other OS,2.1,15877.44,2.58
Dell,Notebook,Intel Core i7,16,256,AMD,Windows,2.3,62938.0656,1.98
Toshiba,Notebook,Intel Core i5,4,128,Intel,Windows,1.75,54345.6,2.88
Dell,Gaming,Intel Core i7,8,512,Nvidia,Windows,2.62,58554.72,1.98
HP,Ultrabook,Intel Core i5,4,256,Intel,Windows,1.26,66280.32,3.22
Asus,Convertible,Intel Core i7,12,1000,Nvidia,Windows,2.3,44701.92,1.98
Lenovo,Notebook,Intel Core i7,16,512,Nvidia,Windows,2.5,126273.6,2.8
Acer,Notebook,Intel Core i3,4,128,Intel,Windows,1.8,33886.08,2.2
Asus,Notebook,Other Intel Processor,8,128,Intel,Windows,2.0,31003.632,1.98
Dell,Gaming,Intel Core i7,32,1000,Nvidia,Windows,4.42,191211.264,1.78
Asus,Gaming,Intel Core i7,16,256,Nvidia,Windows,4.3,125208.0,1.78
Toshiba,Ultrabook,Intel Core i7,16,512,Nvidia,Windows,1.47,93985.92,2.2
Lenovo,Notebook,Other Intel Processor,8,512,Intel,Other OS,2.2,17529.12,2.58
Lenovo,Ultrabook,Intel Core i7,16,512,Intel,Windows,1.7,122490.72,2.2
MSI,Gaming,Intel Core i7,16,256,Nvidia,Windows,1.6,100752.48,2.2
MSI,Gaming,Intel Core i5,8,128,Nvidia,Windows,2.2,58021.92,1.98
Lenovo,Gaming,Intel Core i7,4,512,Nvidia,Windows,2.4,53226.72,1.98
Acer,Gaming,Intel Core i7,16,256,Nvidia,Windows,4.2,122490.72,1.78
Dell,Gaming,Intel Core i5,8,256,Nvidia,Windows,2.62,52480.8,1.98
Asus,Gaming,Intel Core i7,8,128,Nvidia,Windows,2.24,71341.92,1.98
Lenovo,Convertible,Intel Core i7,8,512,Intel,Windows,1.37,104961.6,2.32
Lenovo,Convertible,Intel Core i5,8,256,AMD,Windows,2.08,51095.52,1.98
Apple,Ultrabook,Other Intel Processor,8,512,Intel,mac OS,0.92,62071.2,4.74
Lenovo,Convertible,Intel Core i5,8,256,Intel,Windows,1.42,124142.4,4.52
Asus,Notebook,Other Intel Processor,4,32,Intel,Windows,1.63,15930.72,2.88
Dell,Notebook,Intel Core i5,8,128,Intel,Windows,1.95,43156.8,2.58
Lenovo,Convertible,Intel Core i7,8,256,Intel,Windows,1.38,71874.72,2.22
Dell,Notebook,Intel Core i3,8,256,AMD,Windows,2.0,39373.92,1.98
HP,Workstation,Intel Core i7,8,256,Nvidia,Windows,3.14,110017.872,1.98
Asus,Notebook,Intel Core i5,8,256,Intel,Windows,2.37,58554.72,1.98
Dell,Ultrabook,Intel Core i5,8,256,Intel,Windows,1.29,79866.72,2.32
Dell,Notebook,Intel Core i5,8,256,Nvidia,Windows,2.06,93186.72,2.8
Dell,Netbook,Other Intel Processor,4,128,Intel,Windows,1.63,39640.32,3.47
HP,Netbook,Intel Core i5,8,256,Intel,Windows,1.26,74005.92,3.22
Toshiba,Notebook,Intel Core i5,4,256,Intel,Windows,2.1,41558.4,2.58
HP,Notebook,AMD Processor,8,1000,AMD,Windows,2.04,33513.12,2.58
Dell,Gaming,Intel Core i7,16,512,Nvidia,Windows,2.62,89457.12,2.8
Lenovo,Notebook,Intel Core i5,4,512,Nvidia,Windows,2.4,32447.52,1.98
HP,Gaming,Intel Core i7,12,512,AMD,Windows,3.74,93186.72,1.78
MSI,Gaming,Intel Core i7,16,512,Nvidia,Windows,2.9,128671.2,1.78
Dell,Notebook,Intel Core i7,8,512,Nvidia,Windows,1.98,51202.08,1.98
Dell,Notebook,Intel Core i5,8,256,AMD,Windows,2.18,42081.0768,1.98
Lenovo,Ultrabook,Intel Core i7,8,256,Intel,Windows,1.32,99047.52,2.2
HP,Netbook,Other Intel Processor,4,16,Intel,Other OS,1.23,20512.8,3.47
Dell,Gaming,Intel Core i7,16,128,Nvidia,Windows,4.36,133467.4656,1.78
Dell,Notebook,Intel Core i5,4,256,Intel,Windows,1.76,40226.4,2.88
Lenovo,Notebook,Intel Core i3,4,256,Intel,Windows,2.1,26101.872,2.58
Toshiba,Ultrabook,Intel Core i5,4,128,Intel,Windows,1.25,58075.2,2.88
Lenovo,Ultrabook,Intel Core i7,8,512,Intel,Windows,1.13,133146.72,2.2
MSI,Gaming,Intel Core i5,8,256,Nvidia,Windows,2.4,63882.72,1.98
Lenovo,Ultrabook,Intel Core i5,8,256,Intel,Windows,1.13,99900.0,2.2
Toshiba,Notebook,Other Intel Processor,4,128,Intel,Windows,1.75,26586.72,2.88
Asus,Convertible,Intel Core i5,8,256,Intel,Windows,1.1,72354.24,2.32
Dell,Notebook,Intel Core i3,4,256,Intel,Windows,1.76,31168.8,2.88
Acer,Netbook,Other Intel Processor,4,32,Intel,Other OS,1.35,18914.4,3.47
Acer,Notebook,Intel Core i3,8,128,Intel,Windows,1.5,32980.32,2.2
Lenovo,Ultrabook,Intel Core i7,16,512,Intel,Windows,1.1,111834.72,4.52
Asus,Notebook,Intel Core i5,4,512,Nvidia,Other OS,2.1,27652.32,1.98
Lenovo,Notebook,Intel Core i5,8,256,Intel,Windows,1.7,63190.08,2.2
Lenovo,Notebook,Intel Core i5,8,256,Intel,Windows,1.32,87912.0,2.2
Dell,Gaming,Intel Core i7,16,256,Nvidia,Windows,3.21,147832.2864,1.98
Asus,Gaming,Intel Core i7,16,256,Nvidia,Windows,2.9,128884.32,1.78
Toshiba,Notebook,Intel Core i3,4,256,Intel,Windows,2.0,35644.32,2.58
Lenovo,Notebook,Other Intel Processor,4,16,Intel,Other OS,1.5,17316.0,2.88
Asus,Notebook,Intel Core i5,8,128,Intel,Windows,2.3,31435.2,1.98
Asus,Gaming,Intel Core i7,16,512,Nvidia,Windows,2.73,95850.72,1.78
Dell,Gaming,Intel Core i7,32,512,Nvidia,Windows,4.42,163723.5792,1.78
HP,Notebook,Intel Core i5,8,512,Nvidia,Windows,2.63,48484.8,2.22
Dell,Notebook,Intel Core i5,8,128,Intel,Windows,2.18,38041.3872,2.58
HP,Ultrabook,Intel Core i7,8,512,Intel,Windows,1.54,99633.6,2.2
Dell,Notebook,Intel Core i7,4,256,AMD,Windows,2.18,39373.92,1.98
HP,Convertible,Other Intel Processor,4,32,Intel,Other OS,1.4,32767.2,3.47
Asus,Ultrabook,Intel Core i5,8,512,Nvidia,Windows,1.45,54665.28,2.32
HP,Convertible,Intel Core i5,8,256,Intel,Windows,1.28,121318.56,2.32
HP,Ultrabook,Intel Core i7,8,512,Intel,Windows,1.54,78215.04,2.2
HP,Notebook,Other Intel Processor,4,128,Intel,Other OS,1.86,15930.72,2.58
Asus,Gaming,Intel Core i7,16,128,Nvidia,Windows,2.1,101178.72,1.98
Dell,Notebook,Intel Core i7,8,512,AMD,Other OS,2.83,46087.2,1.78
Lenovo,Ultrabook,Intel Core i7,8,256,Nvidia,Windows,1.96,101391.84,2.2
Asus,Notebook,Intel Core i7,8,256,Nvidia,Windows,2.3,41931.36,1.98
Dell,Notebook,Intel Core i5,8,128,Intel,Windows,1.9,50349.6,1.98
Asus,Notebook,Other Intel Processor,4,512,Intel,Windows,2.0,23922.72,2.58
HP,Convertible,Intel Core i7,8,256,Intel,Windows,1.28,136343.52,2.32
Dell,Notebook,Intel Core i5,8,512,Intel,Windows,1.62,34578.72,2.32
Lenovo,Notebook,Intel Core i3,4,512,Intel,Other OS,2.2,24988.32,1.98
Lenovo,Notebook,Intel Core i5,8,512,Intel,Windows,2.3,45323.1648,1.98
HP,Notebook,Intel Core i5,8,256,AMD,Windows,1.84,71874.72,1.98
Toshiba,Notebook,Intel Core i5,4,128,Intel,Windows,1.05,68464.8,2.32
Lenovo,Gaming,Intel Core i5,8,512,Nvidia,Other OS,2.5,54185.76,1.98
Dell,Ultrabook,Intel Core i7,16,512,Intel,Windows,1.29,119347.2,4.09
HP,Notebook,Intel Core i5,4,256,Intel,Windows,2.07,48484.8,1.98
Toshiba,Ultrabook,Intel Core i5,8,256,Intel,Windows,1.2,58341.6,3.03
Lenovo,Convertible,Intel Core i7,8,256,Intel,Windows,1.37,103896.0,2.32
Acer,Notebook,Intel Core i5,8,256,Intel,Windows,1.56,48058.56,2.2
Dell,Workstation,Intel Core i7,8,512,Nvidia,Windows,2.23,94731.84,1.98
Lenovo,Notebook,Intel Core i5,4,256,Intel,Windows,2.38,56210.4,2.58
Lenovo,Notebook,Intel Core i3,4,512,AMD,Other OS,2.2,25521.12,1.98
Toshiba,Notebook,Intel Core i7,8,256,Intel,Windows,2.0,73952.64,1.98
Lenovo,Notebook,Intel Core i3,4,180,Intel,Windows,1.44,39160.8,2.32
Dell,Ultrabook,Intel Core i7,8,256,Intel,Windows,1.6,90043.2,2.47
Asus,Notebook,Other Intel Processor,4,512,Intel,Other OS,2.0,21258.1872,2.58
Dell,Notebook,Intel Core i5,4,128,Nvidia,Windows,2.18,48618.0,1.98
HP,Notebook,Intel Core i5,4,256,Intel,Windows,2.04,44701.92,1.98
HP,Convertible,Intel Core i5,4,256,Intel,Windows,1.28,90576.0,2.32
HP,Convertible,Intel Core i5,4,256,Intel,Windows,2.3,36486.144,2.58
Asus,Notebook,Other Intel Processor,4,32,Intel,Windows,1.65,18541.44,2.86
Lenovo,Notebook,Intel Core i7,8,512,Nvidia,Windows,2.2,35644.32,1.98
Dell,Notebook,Other Intel Processor,4,256,Intel,Windows,2.2,19660.32,2.58
HP,Convertible,Intel Core i5,4,256,Intel,Windows,1.28,95850.72,2.32
Dell,Notebook,Intel Core i3,4,512,AMD,Other OS,2.18,24279.696,2.58
Asus,Gaming,Intel Core i5,12,128,Nvidia,Windows,2.2,72988.272,1.78
Acer,Netbook,Other Intel Processor,4,32,Intel,Other OS,1.25,15824.16,3.47
Lenovo,Notebook,AMD Processor,4,256,AMD,Windows,2.8,20193.12,2.22
HP,Notebook,Intel Core i5,4,128,Intel,Windows,1.95,67399.2,2.2
HP,Convertible,Intel Core i7,16,256,Intel,Windows,1.42,74538.72,4.09
Lenovo,Ultrabook,Intel Core i5,8,256,Intel,Windows,1.32,95850.72,2.2
MSI,Gaming,Intel Core i7,16,512,Nvidia,Windows,2.43,141138.72,2.52
Toshiba,Notebook,Intel Core i5,8,256,Intel,Windows,1.05,78588.0,2.32
Dell,Gaming,Intel Core i7,8,512,Nvidia,Other OS,2.62,49497.12,1.98
HP,Notebook,Intel Core i7,8,512,Nvidia,Windows,2.04,47952.0,1.98
Dell,Notebook,Intel Core i3,4,512,AMD,Windows,2.18,32713.92,2.58
Dell,Notebook,Intel Core i5,8,256,Intel,Windows,1.9,49816.8,1.98
Dell,Convertible,Intel Core i7,8,512,Intel,Windows,1.24,107257.968,4.09
Asus,Gaming,Intel Core i7,32,256,Nvidia,Windows,3.58,68145.12,1.78
Dell,Convertible,Intel Core i7,16,256,Intel,Windows,1.22,87858.72,2.32
Lenovo,Ultrabook,Intel Core i7,8,256,Intel,Windows,1.13,109170.72,2.2
Lenovo,Notebook,Intel Core i5,8,512,Intel,Windows,1.95,104588.1072,1.98
HP,Netbook,Intel Core i7,8,512,Intel,Windows,1.26,79014.24,2.47
Acer,Notebook,Other Intel Processor,4,16,Intel,Other OS,2.2,19127.52,1.98
Lenovo,Notebook,Intel Core i5,8,128,Nvidia,Windows,2.6,42037.92,1.98
Dell,Notebook,Intel Core i5,8,256,Intel,Windows,1.6,64202.4,2.2
HP,Ultrabook,Other Intel Processor,8,240,Intel,Windows,1.09,165168.0,3.49
Lenovo,Notebook,Intel Core i7,6,256,Nvidia,Windows,2.2,42037.92,1.98
HP,Notebook,Intel Core i7,8,256,Nvidia,Windows,2.04,54291.7872,1.98
Acer,Notebook,Intel Core i3,4,512,Intel,Windows,2.4,26586.72,1.98
Lenovo,Notebook,Intel Core i5,4,128,Intel,Windows,1.44,46939.68,2.32
HP,Notebook,Intel Core i5,8,256,Intel,Windows,1.49,51148.8,2.32
MSI,Gaming,Intel Core i7,16,256,Nvidia,Windows,2.7,85194.72,1.78
Dell,Gaming,Intel Core i7,16,128,Nvidia,Windows,2.6,71874.72,1.98
MSI,Gaming,Intel Core i5,8,128,Nvidia,Windows,2.2,59668.8048,1.98
Dell,Notebook,Intel Core i5,4,512,AMD,Windows,2.18,36496.2672,2.58
HP,Ultrabook,Intel Core i7,8,256,AMD,Windows,1.84,69103.6272,1.98
HP,Ultrabook,Intel Core i7,8,256,Intel,Windows,1.39,61218.72,4.09
Toshiba,Notebook,Intel Core i7,16,256,Nvidia,Windows,2.4,105228.0,1.98
Lenovo,Convertible,Intel Core i5,8,512,Intel,Windows,1.37,97236.0,2.32
Dell,Notebook,Intel Core i5,4,256,Intel,Windows,1.95,38889.072,2.58
Lenovo,Ultrabook,Intel Core i7,8,256,Intel,Windows,1.36,87912.0,2.47
HP,Notebook,Intel Core i5,8,256,Intel,Windows,2.31,62071.2,1.98
Dell,Notebook,Intel Core i5,4,512,Intel,Windows,2.18,37725.4368,2.58
HP,Notebook,Intel Core i5,4,256,Intel,Windows,1.95,61218.72,2.88
Lenovo,Notebook,Other Intel Processor,4,512,Intel,Windows,2.2,16463.52,2.58
HP,Ultrabook,Intel Core i5,4,256,Intel,Windows,1.26,84129.12,2.47
HP,Notebook,Other Intel Processor,4,512,Intel,Other OS,1.86,15392.592,2.58
Lenovo,Convertible,Intel Core i7,16,1000,Intel,Windows,1.3,95850.72,4.09
Toshiba,Notebook,Intel Core i5,4,128,Intel,Windows,1.47,58874.4,2.2
HP,Netbook,Intel Core i5,8,256,Intel,Windows,1.26,88924.32,2.47
Dell,Notebook,Intel Core i3,4,512,Intel,Windows,2.18,29762.208,2.58
MSI,Gaming,Intel Core i7,8,128,Nvidia,Windows,2.2,63882.72,1.98
Dell,Ultrabook,Intel Core i5,8,256,Intel,Windows,1.36,87325.92,2.2
Dell,Gaming,Intel Core i7,16,512,Nvidia,Windows,4.36,146946.24,3.66
HP,Gaming,Intel Core i5,8,128,Nvidia,Windows,2.75,74538.72,1.78
Asus,Notebook,Other Intel Processor,4,512,Nvidia,Windows,2.8,28238.4,2.22
Acer,Notebook,Intel Core i5,4,256,Intel,Windows,2.23,32980.32,2.58
Toshiba,Notebook,Intel Core i5,8,256,Intel,Windows,2.2,59620.32,2.58
Lenovo,Convertible,Other Intel Processor,8,256,Intel,Windows,1.1,69210.72,2.73
Lenovo,Gaming,AMD Processor,16,512,AMD,Windows,2.5,53226.72,1.98
Dell,Ultrabook,Intel Core i5,8,256,Intel,Windows,1.36,78438.816,2.47
Lenovo,Notebook,Intel Core i7,8,512,Nvidia,Other OS,2.2,36496.8,1.98
Dell,Notebook,Intel Core i3,4,512,AMD,Windows,2.36,35111.52,2.22
Acer,Notebook,Other Intel Processor,4,32,Intel,Other OS,1.68,18594.72,2.88
HP,Workstation,Intel Core i7,8,8,Nvidia,Windows,2.0,119826.72,1.98
Dell,Ultrabook,Intel Core i7,8,256,Intel,Windows,1.36,94572.0,2.2
Toshiba,Notebook,Intel Core i5,8,256,Intel,Windows,1.2,77788.8,2.32
Asus,Convertible,Other Intel Processor,8,64,Intel,Other OS,1.2,61751.52,2.47
Lenovo,Ultrabook,Intel Core i7,8,256,Intel,Windows,1.7,79333.3872,2.2
Dell,Gaming,Intel Core i7,16,512,Nvidia,Windows,4.36,168045.12,2.52
Dell,Convertible,Intel Core i5,8,256,Intel,Windows,1.24,101178.72,2.32
HP,Convertible,Other Intel Processor,4,256,Intel,Windows,1.45,41292.0,3.47
Dell,Ultrabook,Intel Core i7,8,256,Intel,Windows,1.3,67559.04,4.09
Acer,Convertible,Other Intel Processor,4,32,Intel,Other OS,1.25,20725.92,3.47
Toshiba,Notebook,Intel Core i5,8,256,Intel,Windows,1.2,81784.8,2.32
Lenovo,Ultrabook,Intel Core i5,8,256,Intel,Windows,1.36,93772.8,2.47
Acer,Notebook,Intel Core i5,12,128,Nvidia,Windows,2.4,53759.52,1.98
Toshiba,Ultrabook,Intel Core i7,8,512,Intel,Windows,1.1,95371.2,2.47
HP,Notebook,Intel Core i5,8,512,Nvidia,Windows,2.04,45101.52,2.58
Dell,Notebook,Intel Core i3,4,512,AMD,Other OS,2.25,24808.2336,2.58
Dell,Notebook,Intel Core i5,4,256,Intel,Windows,1.9,43956.0,2.58
HP,Notebook,Intel Core i3,4,256,Intel,Windows,2.04,36496.8,1.98
Dell,Gaming,Intel Core i7,32,256,Nvidia,Windows,4.42,167778.72,1.78
Lenovo,Notebook,Intel Core i5,6,256,Nvidia,Windows,2.4,37029.6,1.98
Dell,Convertible,Intel Core i7,16,512,Intel,Windows,1.22,101178.72,4.09
Dell,Ultrabook,Intel Core i7,8,256,Intel,Windows,1.5,104587.5744,4.52
Dell,Gaming,Intel Core i7,32,256,Nvidia,Windows,4.42,149184.0,1.78
Toshiba,Notebook,Intel Core i5,8,256,Intel,Windows,1.95,62870.4,2.2
Asus,Gaming,Intel Core i7,16,256,Nvidia,Windows,2.73,109218.672,1.78
HP,Notebook,Intel Core i5,8,128,Nvidia,Windows,2.04,52161.12,1.98
Lenovo,Notebook,Intel Core i5,4,508,Intel,Windows,1.7,53386.56,2.88
Asus,Convertible,Intel Core i7,16,512,Nvidia,Windows,2.3,95850.72,2.8
HP,Notebook,Intel Core i7,6,512,Intel,Windows,2.04,30849.12,2.58
Asus,Gaming,Intel Core i7,16,256,Nvidia,Windows,2.99,93186.72,1.78
Dell,Convertible,Intel Core i7,12,512,Intel,Windows,2.19,69210.72,1.98
Toshiba,Notebook,Intel Core i5,4,128,Intel,Windows,1.2,63669.6,2.32
Lenovo,Notebook,AMD Processor,6,256,AMD,Windows,2.2,29250.72,1.98
Toshiba,Notebook,Intel Core i5,4,256,Intel,Windows,1.75,48751.2,2.88
Dell,Notebook,Intel Core i5,4,256,AMD,Windows,2.25,31914.72,2.58
HP,Notebook,Intel Core i5,8,512,Intel,Windows,2.04,42943.68,1.98
Lenovo,Gaming,Intel Core i7,8,128,Nvidia,Windows,2.5,63349.92,1.98
Dell,Notebook,Intel Core i7,8,512,AMD,Windows,2.36,39906.72,2.58
Dell,Notebook,Intel Core i5,8,128,Intel,Windows,1.6,59620.32,2.2
HP,Netbook,Other Intel Processor,8,512,Intel,Windows,0.97,101658.24,2.47
HP,Notebook,Intel Core i3,4,128,AMD,Windows,2.1,26586.72,1.98
Lenovo,Notebook,Other Intel Processor,4,128,Intel,Other OS,1.9,14418.6336,2.58
Lenovo,Notebook,Intel Core i5,8,256,Intel,Windows,2.3,71874.72,1.98
Dell,Convertible,Intel Core i5,8,256,Intel,Windows,1.68,47365.92,2.32
Asus,Notebook,Intel Core i5,8,256,Intel,Windows,1.4,61272.0,4.09
HP,Ultrabook,Intel Core i7,8,256,Intel,Windows,1.11,71874.72,2.32
Acer,Notebook,Other Intel Processor,4,256,Intel,Windows,2.4,20246.4,2.58
Asus,Gaming,Intel Core i7,16,256,Nvidia,Windows,2.5,95850.72,1.98
HP,Ultrabook,Intel Core i7,8,512,Intel,Windows,1.48,111301.92,2.2
Acer,Gaming,Intel Core i7,8,128,Nvidia,Windows,2.7,67132.8,1.98
HP,Notebook,Intel Core i5,8,256,Intel,Windows,1.34,63349.92,2.32
Dell,Notebook,Intel Core i3,4,128,Intel,Windows,2.18,29144.16,2.58
HP,Notebook,Intel Core i5,4,256,Intel,Windows,1.64,41505.12,2.88
Toshiba,Notebook,Intel Core i5,4,128,Intel,Windows,1.2,63669.6,2.32
HP,Notebook,Intel Core i5,4,256,Intel,Windows,1.48,58607.4672,2.88
HP,Notebook,Intel Core i5,4,256,Intel,Windows,1.95,64202.4,2.2
HP,Ultrabook,Intel Core i7,8,256,Intel,Windows,1.43,77202.72,2.2
HP,Notebook,Intel Core i5,8,256,Nvidia,Windows,1.64,55904.5728,2.2
HP,Notebook,Intel Core i3,4,256,Intel,Windows,1.64,36443.52,2.88
Dell,Gaming,Intel Core i5,8,1000,Nvidia,Windows,2.65,50562.72,1.98
HP,Ultrabook,Intel Core i5,4,256,Intel,Windows,1.26,81997.92,2.47
HP,Notebook,Intel Core i5,4,256,Intel,Windows,1.48,84715.2,2.2
HP,Ultrabook,Intel Core i7,8,256,Intel,Windows,1.54,100550.5488,2.2
HP,Notebook,Intel Core i3,4,256,Intel,Windows,1.49,42624.0,3.03
Toshiba,Notebook,Intel Core i5,8,256,Intel,Windows,1.5,64468.8,3.03
HP,Notebook,Intel Core i3,4,256,Intel,Windows,2.04,41025.0672,2.58
Lenovo,Notebook,Intel Core i7,16,512,Nvidia,Windows,2.4,158135.04,2.52
Toshiba,Notebook,Intel Core i5,8,256,Intel,Windows,1.47,79387.2,2.2
HP,Notebook,Intel Core i7,8,256,Intel,Windows,1.43,118761.12,2.2
Dell,Convertible,Intel Core i3,4,512,Intel,Windows,2.08,42410.3472,1.98
Toshiba,Ultrabook,Intel Core i5,8,256,Intel,Windows,1.2,84715.2,2.32
HP,Notebook,Intel Core i5,8,256,Intel,Windows,1.11,61218.72,2.32
HP,Notebook,Intel Core i7,8,256,Nvidia,Windows,1.64,63159.7104,2.2
Dell,Notebook,Intel Core i5,8,256,Intel,Windows,2.09,55754.3232,1.98
HP,Ultrabook,Intel Core i5,4,256,Intel,Windows,1.26,83063.52,3.22
HP,Notebook,Intel Core i5,4,256,Intel,Windows,2.31,63349.92,2.88
HP,Notebook,Intel Core i5,4,256,Intel,Windows,1.95,56476.8,2.88
Dell,Ultrabook,Intel Core i5,8,256,Intel,Windows,1.29,86526.72,4.09
HP,Notebook,Intel Core i5,8,256,Nvidia,Windows,2.63,57542.4,1.78
HP,Notebook,Intel Core i5,4,256,Intel,Windows,1.64,51841.44,2.88
Acer,Notebook,AMD Processor,6,512,AMD,Windows,2.1,21791.52,2.58
MSI,Gaming,Intel Core i7,8,128,Nvidia,Windows,2.7,63499.104,1.78
HP,Notebook,Intel Core i5,8,256,Intel,Windows,1.95,63669.6,2.2
HP,Notebook,Intel Core i7,8,256,Intel,Windows,1.84,65480.5872,1.98
HP,Ultrabook,Intel Core i7,8,256,Intel,Windows,1.26,71874.72,2.47
HP,Notebook,Intel Core i5,4,256,Intel,Windows,2.04,39533.76,2.58
Toshiba,Ultrabook,Intel Core i7,8,256,Intel,Windows,1.47,91908.0,2.2
Dell,Notebook,Intel Core i5,8,256,Intel,Windows,2.09,56633.976,1.98
HP,Notebook,Intel Core i5,8,256,Intel,Windows,1.64,53839.9728,2.2
Lenovo,Convertible,Intel Core i7,4,256,Intel,Windows,1.8,45128.16,1.98
Toshiba,Notebook,Intel Core i7,16,256,Nvidia,Windows,2.4,75924.0,1.98
Lenovo,Notebook,Intel Core i5,8,256,Intel,Windows,2.3,55922.688,1.98
HP,Notebook,Intel Core i5,4,256,Intel,Windows,1.54,53280.0,2.2
HP,Notebook,Intel Core i5,8,256,Intel,Windows,1.84,112065.9552,1.98
HP,Notebook,Intel Core i5,8,256,Intel,Windows,1.43,78268.32,2.2
MSI,Gaming,Intel Core i7,16,256,Nvidia,Windows,3.78,82351.6992,1.78
Lenovo,Gaming,Intel Core i7,16,128,Nvidia,Windows,4.6,122010.6672,1.78
Asus,Netbook,Other Intel Processor,4,16,Intel,Other OS,1.2,15339.312,3.47
Lenovo,Notebook,Intel Core i7,16,256,Intel,Windows,1.1,139593.6,4.52
HP,Notebook,Intel Core i7,8,512,Nvidia,Windows,1.91,52161.12,1.98
Dell,Convertible,Intel Core i5,8,256,Intel,Windows,2.3,58288.32,1.98
HP,Notebook,Intel Core i5,4,256,Intel,Windows,2.04,52161.12,2.58
Dell,Ultrabook,Intel Core i7,16,1000,Intel,Windows,1.2,120093.12,4.09
HP,Notebook,Intel Core i3,4,256,Intel,Windows,2.31,37570.392,2.58
HP,Notebook,Intel Core i5,4,256,Intel,Other OS,1.96,26586.72,2.58
Acer,Notebook,AMD Processor,8,512,AMD,Windows,2.4,23922.72,2.58
Dell,Convertible,Intel Core i7,12,256,Intel,Windows,1.6,69210.72,2.32
MSI,Gaming,Intel Core i7,16,256,Nvidia,Windows,2.94,96916.32,1.98
HP,Notebook,Intel Core i7,8,256,Intel,Windows,2.04,57009.6,1.98
Asus,Gaming,Intel Core i7,16,512,Nvidia,Other OS,4.0,53173.44,1.78
Dell,Notebook,Intel Core i5,4,512,Intel,Windows,2.25,29783.52,1.98
Dell,Notebook,Intel Core i7,16,1000,AMD,Windows,2.32,52746.6672,1.98
MSI,Gaming,Intel Core i7,16,256,Nvidia,Windows,1.8,102777.12,1.98
Dell,Ultrabook,Intel Core i7,8,256,Intel,Windows,1.29,77682.24,2.32
Asus,Gaming,Intel Core i7,64,1000,Nvidia,Windows,3.58,211788.0,1.78
Dell,Convertible,Intel Core i7,8,256,Intel,Windows,1.62,42517.9728,2.32
Dell,Gaming,Intel Core i7,16,256,Nvidia,Windows,3.21,70809.12,2.8
Apple,Ultrabook,Other Intel Processor,8,256,Intel,mac OS,0.92,69264.0,4.74
Dell,Notebook,Intel Core i3,4,256,Intel,Windows,2.06,25679.8944,2.58
HP,Notebook,Intel Core i5,4,256,Intel,Windows,2.31,63882.72,2.58
HP,Ultrabook,Intel Core i5,8,256,Intel,Windows,1.26,63882.72,2.47
HP,Notebook,Intel Core i7,8,256,Intel,Windows,1.49,58075.2,2.32
Lenovo,Ultrabook,Intel Core i7,8,256,Intel,Windows,1.3,91294.7472,2.47
Lenovo,Notebook,Intel Core i5,8,512,AMD,Windows,3.0,35111.52,2.22
Lenovo,Notebook,Intel Core i5,4,512,Nvidia,Windows,2.3,52054.56,1.98
MSI,Gaming,Intel Core i7,16,256,Nvidia,Windows,3.78,133146.72,1.78
Lenovo,Notebook,Intel Core i5,4,256,Intel,Windows,2.1,28771.2,2.58
HP,Notebook,Intel Core i5,4,256,Intel,Windows,2.31,50083.2,1.98
Lenovo,Ultrabook,Other Intel Processor,8,512,Intel,Windows,0.99,74538.72,5.06
Lenovo,Gaming,Intel Core i7,32,512,Nvidia,Windows,4.6,172627.2,1.78
Lenovo,Convertible,Other Intel Processor,4,64,Intel,Windows,0.69,34433.2656,2.83
HP,Ultrabook,Intel Core i7,16,512,Intel,Windows,1.3,109170.72,3.28
Dell,Notebook,Intel Core i5,8,256,Intel,Windows,2.18,39960.0,1.98
HP,Notebook,Intel Core i5,4,256,Intel,Windows,1.54,54931.1472,2.2
HP,Workstation,Intel Core i7,8,256,AMD,Windows,1.9,79653.6,1.98
Lenovo,Notebook,Intel Core i5,8,180,Intel,Windows,1.7,63882.72,2.2
HP,Notebook,Other Intel Processor,4,32,Intel,Other OS,1.29,32767.2,4.09
Acer,Notebook,AMD Processor,4,256,AMD,Windows,2.4,20619.36,2.58
Dell,Notebook,Other Intel Processor,4,256,Intel,Other OS,2.2,20965.1472,2.58
HP,Notebook,Intel Core i3,4,512,Intel,Other OS,1.86,18434.3472,2.58
Asus,Gaming,Intel Core i7,8,256,Nvidia,Windows,2.7,85194.72,1.78
Dell,Ultrabook,Intel Core i5,4,256,AMD,Windows,1.4,43601.688,2.32
HP,Netbook,Intel Core i5,4,128,Intel,Windows,2.4,85194.72,3.22
Acer,Notebook,Intel Core i5,8,256,Nvidia,Windows,2.4,42570.72,1.98
Dell,Notebook,Intel Core i5,8,512,AMD,Windows,2.36,34035.264,1.98
MSI,Gaming,Intel Core i7,8,256,Nvidia,Windows,2.6,85194.72,1.78
HP,Notebook,Other Intel Processor,4,512,Intel,Windows,1.96,26640.0,2.58
Asus,Gaming,Intel Core i7,16,128,Nvidia,Windows,4.3,122490.72,1.78
Dell,Ultrabook,Intel Core i3,4,256,Intel,Windows,1.5,60480.792,3.22
Dell,Ultrabook,Intel Core i3,4,128,Intel,Windows,1.5,62176.1616,3.22
Acer,Notebook,Other Intel Processor,4,16,Intel,Other OS,2.2,11135.52,2.58
HP,Workstation,Intel Core i7,8,512,AMD,Windows,3.0,154458.72,1.78
Lenovo,Gaming,Intel Core i7,16,512,Nvidia,Windows,2.4,63882.72,1.98
Dell,Ultrabook,Intel Core i5,8,256,Intel,Windows,1.5,75289.968,3.22
MSI,Gaming,Intel Core i7,8,128,Nvidia,Windows,2.9,80516.2032,1.78
Lenovo,Convertible,Intel Core i5,4,256,Intel,Windows,2.1,46193.76,1.98
HP,Notebook,AMD Processor,4,512,AMD,Windows,2.1,21205.44,1.98
Asus,Gaming,Intel Core i7,16,128,Nvidia,Windows,2.59,71341.92,1.98
HP,Notebook,Other Intel Processor,8,256,Intel,Windows,1.16,90522.72,4.09
Dell,Notebook,Intel Core i5,4,256,AMD,Windows,2.24,40980.312,2.58
Lenovo,Notebook,Intel Core i3,4,128,Intel,Windows,2.1,22857.12,2.58
HP,Ultrabook,Intel Core i7,8,512,Intel,Windows,1.16,104908.32,2.32
Lenovo,Convertible,Other Intel Processor,4,64,Intel,Other OS,0.69,29250.72,2.83
Dell,Ultrabook,Intel Core i7,8,256,Intel,Windows,1.23,73473.12,2.32
Lenovo,Gaming,Intel Core i7,16,256,Nvidia,Windows,4.6,146519.4672,1.78
Toshiba,Ultrabook,Intel Core i7,16,512,Intel,Windows,1.05,118601.28,2.32
Asus,Gaming,Intel Core i7,8,128,Nvidia,Windows,3.52,69929.4672,1.78
HP,Notebook,Intel Core i5,8,256,Intel,Windows,1.16,90043.2,2.32
HP,Notebook,Intel Core i5,8,256,Intel,Windows,1.43,80612.64,2.2
Dell,Notebook,Intel Core i5,4,256,Intel,Other OS,2.09,27899.0064,2.58
Asus,Notebook,Intel Core i3,4,512,Intel,Windows,2.0,23176.8,2.58
Lenovo,Convertible,Intel Core i7,8,256,Intel,Windows,1.8,88924.32,2.2
Lenovo,Convertible,Other Intel Processor,4,64,Intel,Windows,0.69,25521.12,2.83
HP,Ultrabook,Intel Core i5,8,256,Intel,Windows,1.26,100965.6,3.22
Lenovo,Gaming,Intel Core i5,8,128,Nvidia,Other OS,2.4,52693.92,1.98
HP,Gaming,Intel Core i5,8,128,Nvidia,Windows,3.35,60153.12,1.78
HP,Notebook,Intel Core i7,8,1000,Intel,Windows,2.04,33513.12,2.58
Lenovo,Convertible,Intel Core i7,8,512,Nvidia,Windows,1.8,109244.2464,2.2
Asus,Notebook,Other Intel Processor,4,32,Intel,Windows,1.5,14811.84,2.88
HP,Ultrabook,Intel Core i7,8,256,Intel,Windows,1.84,40066.56,1.98
Acer,Notebook,Intel Core i5,4,512,Nvidia,Windows,2.23,32820.48,1.98
Lenovo,Notebook,Intel Core i7,16,1000,AMD,Windows,2.5,58554.72,1.98
HP,Workstation,Intel Core i7,8,256,Nvidia,Windows,3.0,210424.032,1.78
Dell,Notebook,Intel Core i5,8,512,AMD,Windows,2.5,41771.52,2.58
MSI,Gaming,Intel Core i7,16,256,Nvidia,Windows,3.78,127818.72,1.78
HP,Ultrabook,Intel Core i7,8,256,Intel,Windows,1.88,115709.2416,1.98
Lenovo,Convertible,Intel Core i7,16,512,Intel,Windows,2.8,130003.2,4.52
MSI,Gaming,Intel Core i7,8,128,Nvidia,Windows,2.4,60888.384,1.98
HP,Convertible,Intel Core i5,8,256,Intel,Windows,1.48,86793.12,2.32
HP,Workstation,Intel Core i7,8,256,Nvidia,Windows,2.59,118761.12,1.98
HP,Convertible,Intel Core i7,8,256,Intel,Windows,1.48,95850.72,4.76
HP,Workstation,Intel Core i7,8,256,Nvidia,Windows,2.0,101178.72,1.98
HP,Ultrabook,Intel Core i7,8,256,Intel,Windows,1.26,122381.496,2.47
Dell,Notebook,Intel Core i7,8,256,Nvidia,Windows,2.18,53807.472,1.98
HP,Notebook,Intel Core i5,8,256,Intel,Windows,1.88,84129.12,1.98
Lenovo,Convertible,Intel Core i7,8,256,Intel,Windows,1.27,124621.92,4.52
Lenovo,Notebook,Intel Core i3,4,512,Intel,Other OS,1.9,18061.92,2.58
HP,Notebook,AMD Processor,4,256,AMD,Windows,1.86,15824.16,2.58
Lenovo,Notebook,Intel Core i5,8,512,AMD,Other OS,2.32,31914.72,1.98
Dell,Gaming,Intel Core i7,8,512,Nvidia,Windows,2.62,63882.72,1.98
Dell,Notebook,Intel Core i5,8,256,Nvidia,Windows,2.04,119916.2304,2.8
HP,Notebook,AMD Processor,4,256,AMD,Windows,1.91,25515.2592,1.98
MSI,Gaming,Intel Core i7,16,256,Nvidia,Windows,2.7,79536.384,1.78
Lenovo,Ultrabook,Intel Core i7,12,512,Intel,Windows,1.4,122490.72,2.2
Lenovo,Notebook,Intel Core i5,8,1000,AMD,Windows,2.5,42010.7472,1.98
HP,Convertible,Intel Core i7,8,512,Intel,Windows,1.48,108744.48,4.76
Lenovo,Ultrabook,Intel Core i7,8,256,Intel,Windows,1.7,79866.72,2.2
MSI,Gaming,Intel Core i7,16,256,Nvidia,Windows,1.7,94252.32,2.2
HP,Gaming,Intel Core i7,8,512,Nvidia,Windows,2.62,47898.72,1.98
Lenovo,Notebook,Intel Core i3,8,512,Intel,Windows,2.2,24455.52,2.58
HP,Notebook,Intel Core i5,4,256,Intel,Other OS,2.1,25414.0272,2.58
Dell,Gaming,Intel Core i7,8,128,Nvidia,Windows,2.62,79813.44,2.8
Lenovo,Notebook,Intel Core i5,8,256,Intel,Windows,1.95,74059.2,1.98
Lenovo,Notebook,Intel Core i3,4,512,Nvidia,Windows,2.2,24935.04,1.98
HP,Notebook,Other Intel Processor,2,32,Intel,Windows,1.44,13266.72,2.88
MSI,Gaming,Intel Core i7,8,512,Nvidia,Windows,2.2,44701.92,1.98
HP,Notebook,Intel Core i7,8,256,Intel,Windows,1.96,36177.12,1.98
HP,Notebook,Intel Core i7,16,512,Intel,Windows,2.1,61751.52,1.98
Asus,Notebook,Other Intel Processor,4,256,Intel,Windows,2.2,19660.32,2.58
Lenovo,Notebook,Intel Core i5,4,256,Intel,Other OS,2.1,21205.44,2.58
Lenovo,Notebook,Intel Core i7,8,512,Nvidia,Other OS,2.2,37775.52,1.98
Asus,Notebook,Intel Core i3,4,256,Intel,Windows,2.0,40972.32,2.2
Lenovo,Notebook,Intel Core i7,4,1000,Intel,Windows,2.32,43956.0,1.98
Lenovo,Gaming,Intel Core i7,16,512,Nvidia,Windows,3.31,69530.4,1.98
MSI,Gaming,Intel Core i7,16,128,Nvidia,Windows,1.91,114731.5536,1.98
HP,Notebook,Intel Core i3,4,256,Intel,Windows,2.07,34632.0,2.58
Lenovo,Convertible,Intel Core i5,8,256,Intel,Windows,1.36,87219.36,4.52
Lenovo,Ultrabook,Intel Core i7,6,256,Nvidia,Windows,1.54,44275.68,1.98
Dell,Notebook,Intel Core i7,8,256,Nvidia,Other OS,1.98,47686.1328,1.98
Acer,Notebook,Other Intel Processor,4,256,Intel,Windows,2.1,17742.24,2.58
HP,Notebook,Intel Core i7,6,512,Nvidia,Windows,2.18,42570.72,1.98
Asus,Gaming,Intel Core i7,8,256,Nvidia,Windows,2.591,48431.52,1.98
Dell,Convertible,Intel Core i7,16,512,Intel,Windows,2.09,62817.12,1.98
Acer,Notebook,Intel Core i5,4,256,Nvidia,Windows,2.23,36816.48,1.98
Dell,Ultrabook,Intel Core i5,8,256,Intel,Other OS,1.23,58554.72,4.09
Acer,Gaming,Intel Core i7,16,256,Nvidia,Windows,4.2,138474.72,1.78
Lenovo,Gaming,Intel Core i5,8,512,Nvidia,Windows,2.4,43636.32,1.98
HP,Notebook,Intel Core i5,4,256,Intel,Windows,1.86,25840.8,2.58
Apple,Ultrabook,Other Intel Processor,8,256,Intel,mac OS,0.92,61964.64,4.74
Dell,Convertible,Intel Core i5,8,256,Intel,Windows,1.6,63882.72,2.32
HP,Notebook,Intel Core i7,12,128,Nvidia,Windows,2.21,70702.56,1.98
Lenovo,Notebook,Intel Core i3,4,512,AMD,Other OS,1.9,19607.04,2.58
Asus,Gaming,Intel Core i7,16,512,Nvidia,Windows,4.3,114552.0,1.78
Acer,Notebook,Other Intel Processor,4,512,Intel,Other OS,2.1,14492.16,2.58
MSI,Gaming,Intel Core i7,16,256,Nvidia,Windows,2.43,109165.392,1.78
Dell,Notebook,Intel Core i3,4,128,AMD,Windows,2.3,26586.72,2.58
Lenovo,Notebook,Intel Core i7,8,256,Nvidia,Other OS,2.2,33513.12,2.58
Dell,Convertible,Intel Core i7,16,512,Intel,Windows,2.0,68464.8,1.98
Dell,Ultrabook,Intel Core i7,16,512,Intel,Windows,1.2,142790.4,4.09
Asus,Gaming,Intel Core i7,8,512,Nvidia,Windows,2.2,62284.32,1.98
Dell,Notebook,Intel Core i5,8,256,AMD,Windows,2.36,47365.92,1.98
HP,Notebook,Intel Core i5,8,256,Intel,Windows,1.91,30849.12,2.58
Lenovo,Notebook,AMD Processor,4,256,AMD,Windows,2.2,15930.72,2.58
Acer,Notebook,Intel Core i3,8,512,Nvidia,Windows,3.3,33513.12,2.22
Asus,Gaming,Intel Core i7,16,256,Nvidia,Windows,2.2,130482.72,1.98
Apple,Ultrabook,Other Intel Processor,8,512,Intel,mac OS,0.92,68145.12,4.74
Asus,Notebook,Intel Core i7,16,128,Nvidia,Windows,2.2,93186.72,1.98
MSI,Gaming,Intel Core i7,16,256,Nvidia,Windows,2.43,103842.1872,1.78
Dell,Convertible,Intel Core i5,8,256,Intel,Windows,2.191,53226.72,1.98
Asus,Gaming,Intel Core i7,16,256,Nvidia,Windows,2.9,103842.72,1.78
Acer,Netbook,Other Intel Processor,2,32,Intel,Other OS,1.3,9270.72,3.47
Acer,Notebook,Intel Core i3,4,512,Nvidia,Windows,3.3,31861.44,2.22
Lenovo,Notebook,Intel Core i5,8,512,Intel,Other OS,2.8,28717.92,2.22
Lenovo,Gaming,Intel Core i7,8,128,Nvidia,Windows,2.6,67772.16,1.98
Acer,Convertible,Intel Core i7,8,256,Intel,Windows,1.2,61218.72,2.2
Lenovo,Notebook,Intel Core i7,8,256,Intel,Windows,2.3,81465.12,1.98
MSI,Gaming,Intel Core i7,8,128,Nvidia,Windows,2.2,78647.1408,1.98
HP,Notebook,AMD Processor,6,512,AMD,Windows,2.1,28185.12,1.98
Dell,Ultrabook,Intel Core i5,8,256,Intel,Windows,1.26,91288.3536,2.47
Dell,Convertible,Intel Core i3,4,256,Intel,Windows,2.08,27119.52,2.06
Asus,Notebook,Other Intel Processor,4,512,Intel,Windows,2.65,16463.52,2.58
Dell,Ultrabook,Intel Core i7,8,256,Intel,Windows,1.29,78694.56,4.09
Dell,Notebook,Intel Core i5,4,512,Intel,Other OS,2.18,27804.7008,2.58
Lenovo,Gaming,Intel Core i7,16,128,Nvidia,Windows,2.6,54825.12,1.98
MSI,Gaming,Intel Core i7,8,128,Nvidia,Windows,2.2,61218.72,1.98
Lenovo,Netbook,Intel Core i7,16,512,Intel,Windows,1.3,87912.0,2.47
Dell,Notebook,Intel Core i3,8,512,Intel,Windows,2.3,24988.8528,2.58
MSI,Gaming,Intel Core i7,16,256,Nvidia,Windows,2.7,85141.44,1.78
Apple,Ultrabook,Intel Core i5,4,256,Intel,mac OS,1.08,51095.52,3.47
HP,Notebook,Intel Core i3,4,512,Intel,Windows,2.1,25467.84,1.98
HP,Ultrabook,Intel Core i7,8,256,Intel,Windows,1.54,117119.5632,4.52
Dell,Notebook,Intel Core i5,4,256,Intel,Windows,2.24,39267.36,2.58
MSI,Gaming,Intel Core i7,8,128,Nvidia,Windows,2.3,62284.32,1.98
Lenovo,Notebook,Intel Core i7,16,512,Intel,Windows,1.4,79866.72,2.32
Lenovo,Notebook,AMD Processor,6,256,AMD,Windows,2.2,31838.5296,1.98
Asus,Ultrabook,Intel Core i7,8,256,Intel,Windows,1.45,68198.4,2.32
Acer,Notebook,Intel Core i3,4,256,Intel,Other OS,2.4,19276.704,2.58
Dell,Convertible,Intel Core i7,16,512,Nvidia,Windows,2.77,95850.72,1.78
HP,Notebook,Intel Core i5,4,256,Intel,Windows,1.54,58607.4672,2.2
Asus,Gaming,Intel Core i7,16,256,Nvidia,Windows,2.5,85248.0,1.98
Dell,Notebook,Intel Core i5,4,256,Intel,Windows,1.6,46620.0,2.88
Asus,Gaming,Intel Core i7,16,256,Nvidia,Windows,2.34,123876.0,1.98
Lenovo,Notebook,Intel Core i5,8,256,Intel,Other OS,2.3,30529.44,1.98
Dell,Convertible,Intel Core i5,8,256,Intel,Windows,1.24,96596.64,4.09
Dell,Notebook,Other Intel Processor,4,256,Intel,Other OS,2.2,17262.72,2.58
HP,Notebook,AMD Processor,4,256,AMD,Windows,1.86,21258.72,2.58
Lenovo,Notebook,Intel Core i3,6,128,Nvidia,Windows,2.4,30316.32,1.98
Lenovo,Notebook,Intel Core i5,8,256,Intel,Windows,1.9,57116.16,2.2
Dell,Notebook,Other Intel Processor,4,256,Intel,Windows,2.2,23655.7872,2.58
Asus,Notebook,Other Intel Processor,4,512,Intel,Windows,2.0,18061.92,2.58
Asus,Gaming,Intel Core i7,16,128,Nvidia,Windows,4.0,101232.0,1.78
Dell,Notebook,Intel Core i3,4,256,Intel,Windows,2.29,26107.2,2.58
Lenovo,Notebook,Intel Core i7,8,1000,AMD,Windows,2.32,47685.6,1.98
MSI,Gaming,Intel Core i7,8,128,Nvidia,Windows,2.4,65481.12,1.98
Lenovo,Convertible,Intel Core i5,4,128,Intel,Windows,1.8,44382.7728,2.2
Asus,Ultrabook,Other Intel Processor,8,512,Intel,Windows,1.2,38841.12,2.32
Dell,Notebook,Intel Core i3,6,512,Intel,Windows,2.3,24455.52,2.58
Acer,Notebook,Other Intel Processor,4,256,Intel,Other OS,2.4,15397.92,2.58
Dell,Notebook,Other Intel Processor,2,256,Intel,Windows,2.2,20193.12,2.58
Lenovo,Notebook,Intel Core i7,8,512,Nvidia,Windows,2.6,47898.72,1.98
HP,Notebook,AMD Processor,6,1000,AMD,Windows,2.04,29303.4672,1.98
Dell,Notebook,Intel Core i7,8,512,AMD,Other OS,2.3,42943.1472,2.58
HP,Netbook,Other Intel Processor,2,32,Intel,Windows,1.17,11135.52,3.47
Asus,Notebook,Intel Core i7,4,256,Nvidia,Windows,2.2,38378.6496,2.58
Lenovo,Convertible,Intel Core i7,4,128,Intel,Windows,1.8,33992.64,2.2
Lenovo,Convertible,Intel Core i7,16,512,Intel,Windows,1.3,79866.72,4.09
Lenovo,Notebook,Other Intel Processor,2,64,Intel,Windows,1.5,12201.12,2.88
HP,Notebook,Intel Core i7,6,512,AMD,Windows,2.19,40705.92,2.58
Asus,Notebook,Other Intel Processor,4,256,Intel,Windows,2.2,19660.32,2.58
Asus,Ultrabook,Other Intel Processor,8,512,Intel,Windows,1.2,38841.12,2.32
Dell,Notebook,Intel Core i3,6,512,Intel,Windows,2.3,24455.52,2.58
Acer,Notebook,Other Intel Processor,4,256,Intel,Other OS,2.4,15397.92,2.58
Dell,Notebook,Other Intel Processor,2,256,Intel,Windows,2.2,20193.12,2.58
Lenovo,Notebook,Intel Core i7,8,512,Nvidia,Windows,2.6,47898.72,1.98
HP,Notebook,AMD Processor,6,1000,AMD,Windows,2.04,29303.4672,1.98
Dell,Notebook,Intel Core i7,8,512,AMD,Other OS,2.3,42943.1472,2.58
HP,Netbook,Other Intel Processor,2,32,Intel,Windows,1.17,11135.52,3.47
Asus,Notebook,Intel Core i7,4,256,Nvidia,Windows,2.2,38378.6496,2.58
Lenovo,Convertible,Intel Core i7,4,128,Intel,Windows,1.8,33992.64,2.2
Lenovo,Convertible,Intel Core i7,16,512,Intel,Windows,1.3,79866.72,4.09
Lenovo,Notebook,Other Intel Processor,2,64,Intel,Windows,1.5,12201.12,2.88
HP,Notebook,Intel Core i7,6,512,AMD,Windows,2.19,40705.92,2.58
Asus,Notebook,Other Intel Processor,4,256,Intel,Windows,2.2,19660.32,2.58
Asus,Ultrabook,Other Intel Processor,8,512,Intel,Windows,1.2,38841.12,2.32
Dell,Notebook,Intel Core i3,6,512,Intel,Windows,2.3,24455.52,2.58
Acer,Notebook,Other Intel Processor,4,256,Intel,Other OS,2.4,15397.92,2.58
Dell,Notebook,Other Intel Processor,2,256,Intel,Windows,2.2,20193.12,2.58
Lenovo,Notebook,Intel Core i7,8,512,Nvidia,Windows,2.6,47898.72,1.98
HP,Notebook,AMD Processor,6,1000,AMD,Windows,2.04,29303.4672,1.98
Dell,Notebook,Intel Core i7,8,512,AMD,Other OS,2.3,42943.1472,2.58
HP,Netbook,Other Intel Processor,2,32,Intel,Windows,1.17,11135.52,3.47
Asus,Notebook,Intel Core i7,4,256,Nvidia,Windows,2.2,38378.6496,2.58
Lenovo,Convertible,Intel Core i7,4,128,Intel,Windows,1.8,33992.64,2.2
Lenovo,Convertible,Intel Core i7,16,512,Intel,Windows,1.3,79866.72,4.09
Lenovo,Notebook,Other Intel Processor,2,64,Intel,Windows,1.5,12201.12,2.88
HP,Notebook,Intel Core i7,6,512,AMD,Windows,2.19,40705.92,2.58
Asus,Notebook,Other Intel Processor,4,256,Intel,Windows,2.2,19660.32,2.58
